Id,Price
block0,950000.0
block1,199950.0
block2,276000.0
block3,420000.0
block4,195000.0
block5,590000.0
block6,280000.0
block7,258000.0
block8,200000.0
block9,116572.0
block10,149779.0
block11,299185.0
block12,150000.0
block13,490749.0
block14,121000.0
block15,651982.0
block16,210000.0
block17,325000.0
block18,234415.0
block19,160000.0
block20,1072000.0
block21,169000.0
block22,147000.0
block23,165000.0
block24,174449.0
block25,313634.0
block26,312666.0
block27,638766.0
block28,180000.0
block29,377500.0
block30,99738.0
block31,544700.0
block32,253000.0
block33,285000.0
block34,211453.0
block35,70000.0
block36,200000.0
block37,100000.0
block38,305000.0
block39,202643.0
block40,396475.0
block41,125000.0
block42,273175.0
block43,220000.0
block44,600000.0
block45,326000.0
block46,200000.0
block47,237500.0
block48,190000.0
block49,195000.0
block50,100000.0
block51,23000.0
block52,221666.0
block53,547500.0
block54,108810.0
block55,127000.0
block56,309691.0
block57,350000.0
block58,128000.0
block59,245000.0
block60,240000.0
block61,143000.0
block62,450000.0
block63,430000.0
block64,380000.0
block65,362995.0
block66,125000.0
block67,110000.0
block68,315000.0
block69,335000.0
block70,393750.0
block71,120000.0
block72,452500.0
block73,175000.0
block74,330000.0
block75,177896.0
block76,5250.0
block77,175000.0
block78,330000.0
block79,437500.0
block80,148000.0
block81,55000.0
block82,285000.0
block83,155000.0
block84,175633.0
block85,236000.0
block86,260000.0
block87,164500.0
block88,500000.0
block89,90000.0
block90,285000.0
block91,166497.0
block92,265000.0
block93,188000.0
block94,170000.0
block95,260000.0
block96,55000.0
block97,75000.0
block98,120000.0
block99,320000.0
block100,310000.0
block101,265000.0
block102,82500.0
block103,234000.0
block104,125000.0
block105,175000.0
block106,150000.0
block107,177685.0
block108,470000.0
block109,352442.0
block110,210000.0
block111,166000.0
block112,312000.0
block113,265000.0
block114,242000.0
block115,245000.0
block116,327500.0
block117,187500.0
block118,740000.0
block119,1235000.0
block120,210000.0
block121,30000.0
block122,159691.0
block123,313500.0
block124,165000.0
block125,180000.0
block126,275770.0
block127,284000.0
block128,550000.0
block129,377500.0
block130,225000.0
block131,300000.0
block132,212500.0
block133,195000.0
block134,235000.0
block135,321000.0
block136,335000.0
block137,149779.0
block138,87500.0
block139,360000.0
block140,395000.0
block141,525000.0
block142,212114.0
block143,190000.0
block144,342000.0
block145,215000.0
block146,85500.0
block147,360000.0
block148,146211.0
block149,228000.0
block150,305000.0
block151,231275.0
block152,269000.0
block153,215000.0
block154,184001.0
block155,585000.0
block156,176000.0
block157,205000.0
block158,370000.0
block159,197500.0
block160,382000.0
block161,370000.0
block162,107000.0
block163,169000.0
block164,295000.0
block165,470000.0
block166,440000.0
block167,265000.0
block168,390000.0
block169,150000.0
block170,124500.0
block171,525000.0
block172,140650.0
block173,158590.0
block174,125000.0
block175,195000.0
block176,255000.0
block177,212916.0
block178,105000.0
block179,100000.0
block180,210000.0
block181,187500.0
block182,245000.0
block183,145000.0
block184,323000.0
block185,125000.0
block186,285000.0
block187,330000.0
block188,56019.0
block189,205000.0
block190,245000.0
block191,176500.0
block192,150000.0
block193,176167.0
block194,235000.0
block195,194625.0
block196,240000.0
block197,220000.0
block198,385000.0
block199,127000.0
block200,380000.0
block201,164950.0
block202,595000.0
block203,345000.0
block204,168000.0
block205,182500.0
block206,267250.0
block207,248250.0
block208,190850.0
block209,70000.0
block210,56250.0
block211,176210.0
block212,455000.0
block213,255000.0
block214,410000.0
block215,241409.0
block216,380000.0
block217,365000.0
block218,460000.0
block219,485000.0
block220,225500.0
block221,425000.0
block222,250000.0
block223,335000.0
block224,307929.0
block225,239000.0
block226,495000.0
block227,245000.0
block228,45000.0
block229,175500.0
block230,450000.0
block231,112500.0
block232,90000.0
block233,416000.0
block234,415000.0
block235,262000.0
block236,270000.0
block237,330000.0
block238,220000.0
block239,193832.0
block240,200000.0
block241,130000.0
block242,153970.0
block243,107000.0
block244,32500.0
block245,290000.0
block246,455000.0
block247,123000.0
block248,250000.0
block249,237000.0
block250,550000.0
block251,344000.0
block252,25000.0
block253,660000.0
block254,123000.0
block255,140000.0
block256,211833.0
block257,274000.0
block258,380000.0
block259,215000.0
block260,132157.0
block261,232000.0
block262,341000.0
block263,203000.0
block264,285000.0
block265,315000.0
block266,240500.0
block267,410000.0
block268,200000.0
block269,362000.0
block270,70000.0
block271,315000.0
block272,287500.0
block273,107500.0
block274,310000.0
block275,267000.0
block276,180000.0
block277,62905.0
block278,25000.0
block279,137500.0
block280,287500.0
block281,50000.0
block282,171806.0
block283,209000.0
block284,95000.0
block285,559471.0
block286,230000.0
block287,180000.0
block288,197500.0
block289,143943.0
block290,100000.0
block291,390000.0
block292,385000.0
block293,147500.0
block294,300000.0
block295,180000.0
block296,210000.0
block297,58000.0
block298,120000.0
block299,290000.0
block300,206608.0
block301,230000.0
block302,150000.0
block303,480000.0
block304,460000.0
block305,290000.0
block306,330000.0
block307,390000.0
block308,145374.0
block309,252000.0
block310,247500.0
block311,187000.0
block312,179812.0
block313,340000.0
block314,252000.0
block315,189733.0
block316,422000.0
block317,175000.0
block318,138000.0
block319,194000.0
block320,410000.0
block321,240000.0
block322,120000.0
block323,216750.0
block324,375000.0
block325,280000.0
block326,185000.0
block327,700000.0
block328,257268.0
block329,400000.0
block330,272500.0
block331,257000.0
block332,228555.0
block333,119998.0
block334,486000.0
block335,236000.0
block336,67500.0
block337,133000.0
block338,362500.0
block339,200000.0
block340,160000.0
block341,290000.0
block342,370000.0
block343,193800.0
block344,188000.0
block345,205000.0
block346,225000.0
block347,375000.0
block348,154185.0
block349,135000.0
block350,350000.0
block351,205000.0
block352,75000.0
block353,200000.0
block354,260000.0
block355,207000.0
block356,169000.0
block357,400000.0
block358,155000.0
block359,245000.0
block360,440000.0
block361,170000.0
block362,330000.0
block363,122500.0
block364,204093.0
block365,350000.0
block366,6350.0
block367,165000.0
block368,242500.0
block369,337000.0
block370,425000.0
block371,210000.0
block372,195000.0
block373,370000.0
block374,135000.0
block375,175000.0
block376,435500.0
block377,430000.0
block378,245000.0
block379,40000.0
block380,182000.0
block381,355000.0
block382,277533.0
block383,472500.0
block384,265000.0
block385,275000.0
block386,155000.0
block387,235000.0
block388,125000.0
block389,196000.0
block390,390000.0
block391,2011999.0
block392,203000.0
block393,263500.0
block394,307000.0
block395,215000.0
block396,145374.0
block397,326000.0
block398,350000.0
block399,272000.0
block400,188000.0
block401,52500.0
block402,165000.0
block403,90000.0
block404,198238.0
block405,132500.0
block406,210000.0
block407,150000.0
block408,570000.0
block409,270000.0
block410,226500.0
block411,80000.0
block412,120000.0
block413,158000.0
block414,363000.0
block415,167709.0
block416,280000.0
block417,257665.0
block418,320000.0
block419,462000.0
block420,480000.0
block421,245000.0
block422,265000.0
block423,170000.0
block424,228000.0
block425,225000.0
block426,170000.0
block427,264000.0
block428,94333.0
block429,160000.0
block430,129000.0
block431,220000.0
block432,210000.0
block433,132114.0
block434,240000.0
block435,200000.0
block436,365000.0
block437,104475.0
block438,227000.0
block439,154176.0
block440,114493.0
block441,406286.0
block442,305000.0
block443,129950.0
block444,267500.0
block445,430000.0
block446,170000.0
block447,225000.0
block448,305000.0
block449,140000.0
block450,226000.0
block451,200000.0
block452,198237.0
block453,125000.0
block454,235000.0
block455,255000.0
block456,90000.0
block457,70500.0
block458,310000.0
block459,220000.0
block460,476000.0
block461,265000.0
block462,250000.0
block463,625000.0
block464,219000.0
block465,119000.0
block466,385000.0
block467,307500.0
block468,285000.0
block469,250000.0
block470,237000.0
block471,286343.0
block472,310000.0
block473,206186.0
block474,215000.0
block475,120000.0
block476,540000.0
block477,335000.0
block478,222500.0
block479,206000.0
block480,140969.0
block481,395000.0
block482,210000.0
block483,235000.0
block484,335000.0
block485,143000.0
block486,268796.0
block487,170000.0
block488,370000.0
block489,360000.0
block490,195000.0
block491,190972.0
block492,215000.0
block493,259000.0
block494,177731.0
block495,307500.0
block496,320000.0
block497,190000.0
block498,180000.0
block499,193000.0
block500,218000.0
block501,207500.0
block502,220000.0
block503,395000.0
block504,235000.0
block505,320000.0
block506,390000.0
block507,70000.0
block508,310000.0
block509,462000.0
block510,180000.0
block511,200000.0
block512,246000.0
block513,191000.0
block514,684000.0
block515,215000.0
block516,195000.0
block517,409000.0
block518,300000.0
block519,325000.0
block520,513000.0
block521,93400.0
block522,152500.0
block523,197500.0
block524,280000.0
block525,181000.0
block526,246500.0
block527,181716.0
block528,245000.0
block529,478000.0
block530,135000.0
block531,150000.0
block532,500000.0
block533,770000.0
block534,185000.0
block535,640000.0
block536,145000.0
block537,250000.0
block538,260000.0
block539,225000.0
block540,240000.0
block541,102703.0
block542,157000.0
block543,190000.0
block544,85000.0
block545,134077.0
block546,306000.0
block547,530000.0
block548,794500.0
block549,250000.0
block550,70000.0
block551,180000.0
block552,276100.0
block553,375000.0
block554,222500.0
block555,240000.0
block556,175000.0
block557,145374.0
block558,269093.0
block559,50000.0
block560,90000.0
block561,74583.0
block562,265000.0
block563,223000.0
block564,620000.0
block565,100000.0
block566,289500.0
block567,210000.0
block568,310000.0
block569,190000.0
block570,245000.0
block571,226000.0
block572,650000.0
block573,530000.0
block574,270000.0
block575,350000.0
block576,195000.0
block577,228875.0
block578,160000.0
block579,700000.0
block580,172166.0
block581,173000.0
block582,186000.0
block583,119823.0
block584,350000.0
block585,185000.0
block586,190000.0
block587,123348.0
block588,305000.0
block589,110000.0
block590,370000.0
block591,244000.0
block592,132250.0
block593,310000.0
block594,8750.0
block595,265000.0
block596,401500.0
block597,250000.0
block598,190000.0
block599,300000.0
block600,157500.0
block601,580000.0
block602,395000.0
block603,300000.0
block604,119950.0
block605,355000.0
block606,85000.0
block607,281938.0
block608,415000.0
block609,610000.0
block610,300000.0
block611,139950.0
block612,170000.0
block613,210000.0
block614,100000.0
block615,157511.0
block616,480000.0
block617,230000.0
block618,145000.0
block619,317500.0
block620,575000.0
block621,350000.0
block622,185000.0
block623,70000.0
block624,176626.0
block625,195737.0
block626,212500.0
block627,225000.0
block628,430000.0
block629,285000.0
block630,145000.0
block631,240000.0
block632,320000.0
block633,400000.0
block634,197000.0
block635,225000.0
block636,205000.0
block637,345000.0
block638,185000.0
block639,310000.0
block640,149500.0
block641,185000.0
block642,265000.0
block643,430000.0
block644,202500.0
block645,116079.0
block646,205000.0
block647,340000.0
block648,212333.0
block649,319850.0
block650,250000.0
block651,650000.0
block652,310000.0
block653,613500.0
block654,144493.0
block655,470000.0
block656,270000.0
block657,320000.0
block658,348017.0
block659,197239.0
block660,230000.0
block661,231000.0
block662,160000.0
block663,400000.0
block664,168471.0
block665,178000.0
block666,350000.0
block667,875000.0
block668,25000.0
block669,280000.0
block670,214000.0
block671,238000.0
block672,195000.0
block673,250000.0
block674,187000.0
block675,230000.0
block676,147950.0
block677,700000.0
block678,100000.0
block679,446000.0
block680,180000.0
block681,275000.0
block682,150500.0
block683,460000.0
block684,202500.0
block685,365000.0
block686,90000.0
block687,170000.0
block688,132000.0
block689,360000.0
block690,17000.0
block691,219000.0
block692,270000.0
block693,149779.0
block694,160000.0
block695,1475000.0
block696,238500.0
block697,300000.0
block698,820000.0
block699,295000.0
block700,260000.0
block701,215000.0
block702,82500.0
block703,231741.0
block704,595000.0
block705,1550000.0
block706,85000.0
block707,140000.0
block708,90000.0
block709,115500.0
block710,800000.0
block711,345000.0
block712,502500.0
block713,147000.0
block714,170000.0
block715,300000.0
block716,112100.0
block717,490000.0
block718,148760.0
block719,810000.0
block720,193833.0
block721,125000.0
block722,180617.0
block723,315000.0
block724,850000.0
block725,348000.0
block726,210000.0
block727,125000.0
block728,70000.0
block729,187000.0
block730,162995.0
block731,380000.0
block732,250000.0
block733,250000.0
block734,90000.0
block735,298679.0
block736,100000.0
block737,297500.0
block738,282500.0
block739,142000.0
block740,330000.0
block741,240000.0
block742,612000.0
block743,215000.0
block744,340000.0
block745,222500.0
block746,190000.0
block747,292000.0
block748,820000.0
block749,135000.0
block750,262500.0
block751,130000.0
block752,100000.0
block753,320000.0
block754,105000.0
block755,390000.0
block756,445000.0
block757,310000.0
block758,203000.0
block759,159000.0
block760,395000.0
block761,407500.0
block762,520000.0
block763,270000.0
block764,280000.0
block765,107000.0
block766,166984.0
block767,185000.0
block768,667000.0
block769,435000.0
block770,233000.0
block771,470000.0
block772,203000.0
block773,225000.0
block774,172500.0
block775,174750.0
block776,200441.0
block777,235000.0
block778,200000.0
block779,140000.0
block780,315000.0
block781,158590.0
block782,160000.0
block783,90000.0
block784,270000.0
block785,75000.0
block786,170000.0
block787,240000.0
block788,60000.0
block789,320000.0
block790,152500.0
block791,175000.0
block792,225000.0
block793,80000.0
block794,295818.0
block795,277000.0
block796,135000.0
block797,225000.0
block798,311250.0
block799,177500.0
block800,265008.0
block801,127000.0
block802,230000.0
block803,282500.0
block804,148898.0
block805,250000.0
block806,235000.0
block807,160000.0
block808,155000.0
block809,770000.0
block810,130000.0
block811,110000.0
block812,172593.0
block813,142000.0
block814,340000.0
block815,215000.0
block816,235000.0
block817,112500.0
block818,258000.0
block819,253947.0
block820,305000.0
block821,180000.0
block822,435000.0
block823,120000.0
block824,342500.0
block825,129000.0
block826,192500.0
block827,225000.0
block828,182000.0
block829,151541.0
block830,219148.0
block831,270000.0
block832,110132.0
block833,600000.0
block834,594713.0
block835,480000.0
block836,242290.0
block837,200000.0
block838,300000.0
block839,206186.0
block840,220000.0
block841,801208.0
block842,350000.0
block843,130000.0
block844,387500.0
block845,190000.0
block846,270000.0
block847,180000.0
block848,195000.0
block849,217000.0
block850,50000.0
block851,119157.0
block852,146000.0
block853,289950.0
block854,215000.0
block855,217000.0
block856,480000.0
block857,227000.0
block858,121000.0
block859,199000.0
block860,248721.0
block861,295000.0
block862,230000.0
block863,145000.0
block864,175000.0
block865,470000.0
block866,176263.0
block867,246697.0
block868,315000.0
block869,355000.0
block870,130000.0
block871,282500.0
block872,255000.0
block873,250220.0
block874,128333.0
block875,335000.0
block876,150000.0
block877,122000.0
block878,320000.0
block879,265000.0
block880,205000.0
block881,261135.0
block882,485000.0
block883,179000.0
block884,170000.0
block885,184537.0
block886,145000.0
block887,240000.0
block888,760000.0
block889,280000.0
block890,281000.0
block891,335000.0
block892,268000.0
block893,239000.0
block894,270000.0
block895,298500.0
block896,170000.0
block897,185000.0
block898,290000.0
block899,224669.0
block900,80000.0
block901,134297.0
block902,135000.0
block903,480000.0
block904,75000.0
block905,265000.0
block906,318000.0
block907,229950.0
block908,365000.0
block909,151351.0
block910,357000.0
block911,314000.0
block912,310000.0
block913,187500.0
block914,595000.0
block915,186000.0
block916,470000.0
block917,272500.0
block918,130000.0
block919,155000.0
block920,99000.0
block921,160000.0
block922,120242.0
block923,200000.0
block924,120000.0
block925,200000.0
block926,82500.0
block927,556000.0
block928,220000.0
block929,320000.0
block930,370000.0
block931,360000.0
block932,103964.0
block933,200000.0
block934,200000.0
block935,240000.0
block936,340000.0
block937,250000.0
block938,84000.0
block939,100000.0
block940,100000.0
block941,184703.0
block942,154185.0
block943,225000.0
block944,310000.0
block945,550000.0
block946,140000.0
block947,445000.0
block948,330000.0
block949,310000.0
block950,410000.0
block951,315000.0
block952,214666.0
block953,180000.0
block954,251101.0
block955,375000.0
block956,140000.0
block957,400000.0
block958,25000.0
block959,525000.0
block960,202500.0
block961,1150000.0
block962,280000.0
block963,273000.0
block964,177333.0
block965,230000.0
block966,560000.0
block967,229075.0
block968,16000.0
block969,422000.0
block970,242200.0
block971,276000.0
block972,98000.0
block973,147661.0
block974,240000.0
block975,75000.0
block976,162000.0
block977,290000.0
block978,204333.0
block979,210000.0
block980,330250.0
block981,730000.0
block982,168750.0
block983,206167.0
block984,520000.0
block985,287500.0
block986,210000.0
block987,300000.0
block988,64000.0
block989,263500.0
block990,120000.0
block991,390000.0
block992,115000.0
block993,240000.0
block994,110000.0
block995,6000.0
block996,242000.0
block997,173000.0
block998,210000.0
block999,250000.0
block1000,315000.0
block1001,630000.0
block1002,350000.0
block1003,205000.0
block1004,227000.0
block1005,200000.0
block1006,75000.0
block1007,183500.0
block1008,180000.0
block1009,270000.0
block1010,326250.0
block1011,731000.0
block1012,303711.0
block1013,207000.0
block1014,300000.0
block1015,114000.0
block1016,1250000.0
block1017,715000.0
block1018,215079.0
block1019,207000.0
block1020,146875.0
block1021,130000.0
block1022,80000.0
block1023,269000.0
block1024,120000.0
block1025,194049.0
block1026,235000.0
block1027,274000.0
block1028,188943.0
block1029,409691.0
block1030,185000.0
block1031,165500.0
block1032,7333121.0
block1033,272500.0
block1034,127920.0
block1035,13970.0
block1036,216500.0
block1037,184660.0
block1038,120000.0
block1039,192951.0
block1040,200000.0
block1041,720000.0
block1042,50000.0
block1043,350000.0
block1044,262500.0
block1045,280000.0
block1046,355000.0
block1047,125000.0
block1048,177500.0
block1049,282500.0
block1050,260000.0
block1051,31500.0
block1052,175000.0
block1053,325000.0
block1054,760000.0
block1055,160000.0
block1056,249000.0
block1057,273128.0
block1058,136563.0
block1059,285000.0
block1060,3924143.0
block1061,160000.0
block1062,148030.0
block1063,300000.0
block1064,140969.0
block1065,224669.0
block1066,395000.0
block1067,153000.0
block1068,195000.0
block1069,336938.0
block1070,75800.0
block1071,245000.0
block1072,245000.0
block1073,174009.0
block1074,207048.0
block1075,279000.0
block1076,549381.0
block1077,345000.0
block1078,120000.0
block1079,70000.0
block1080,345000.0
block1081,277500.0
block1082,279000.0
block1083,217000.0
block1084,180000.0
block1085,175000.0
block1086,260000.0
block1087,223000.0
block1088,200000.0
block1089,191500.0
block1090,150000.0
block1091,302500.0
block1092,450000.0
block1093,1065000.0
block1094,332000.0
block1095,240000.0
block1096,60000.0
block1097,126000.0
block1098,141000.0
block1099,170000.0
block1100,145000.0
block1101,275000.0
block1102,365000.0
block1103,180000.0
block1104,135000.0
block1105,220000.0
block1106,375000.0
block1107,145000.0
block1108,216314.0
block1109,290000.0
block1110,550000.0
block1111,195000.0
block1112,80000.0
block1113,170000.0
block1114,105000.0
block1115,400000.0
block1116,244950.0
block1117,165000.0
block1118,230000.0
block1119,285000.0
block1120,95000.0
block1121,110132.0
block1122,183175.0
block1123,205000.0
block1124,255000.0
block1125,330000.0
block1126,85000.0
block1127,268000.0
block1128,312000.0
block1129,85000.0
block1130,235000.0
block1131,217500.0
block1132,212000.0
block1133,132157.0
block1134,180000.0
block1135,350000.0
block1136,2030000.0
block1137,195000.0
block1138,220000.0
block1139,190000.0
block1140,460000.0
block1141,190000.0
block1142,245000.0
block1143,125000.0
block1144,120000.0
block1145,190000.0
block1146,220000.0
block1147,275000.0
block1148,235000.0
block1149,475000.0
block1150,195000.0
block1151,600000.0
block1152,95968.0
block1153,137000.0
block1154,230000.0
block1155,230000.0
block1156,410000.0
block1157,645000.0
block1158,166000.0
block1159,207224.0
block1160,385000.0
block1161,350000.0
block1162,230000.0
block1163,149000.0
block1164,185021.0
block1165,292500.0
block1166,77000.0
block1167,125000.0
block1168,90000.0
block1169,229669.0
block1170,212000.0
block1171,700000.0
block1172,174000.0
block1173,230484.0
block1174,307295.0
block1175,255507.0
block1176,225000.0
block1177,245000.0
block1178,131500.0
block1179,175000.0
block1180,270000.0
block1181,293000.0
block1182,225000.0
block1183,300000.0
block1184,257709.0
block1185,150500.0
block1186,535000.0
block1187,253500.0
block1188,10000.0
block1189,171412.0
block1190,220000.0
block1191,184140.0
block1192,167000.0
block1193,35000.0
block1194,560000.0
block1195,190000.0
block1196,120000.0
block1197,190000.0
block1198,143500.0
block1199,147000.0
block1200,220000.0
block1201,640000.0
block1202,430000.0
block1203,485000.0
block1204,170000.0
block1205,167500.0
block1206,248000.0
block1207,183000.0
block1208,233000.0
block1209,100000.0
block1210,360000.0
block1211,125000.0
block1212,277533.0
block1213,275000.0
block1214,140000.0
block1215,308370.0
block1216,60000.0
block1217,164000.0
block1218,206407.0
block1219,367500.0
block1220,155000.0
block1221,187500.0
block1222,191666.0
block1223,567500.0
block1224,219500.0
block1225,385000.0
block1226,235000.0
block1227,255000.0
block1228,260000.0
block1229,99950.0
block1230,165000.0
block1231,835000.0
block1232,632000.0
block1233,195000.0
block1234,145000.0
block1235,190000.0
block1236,275000.0
block1237,190000.0
block1238,277533.0
block1239,425000.0
block1240,290000.0
block1241,380000.0
block1242,194000.0
block1243,125000.0
block1244,365000.0
block1245,200000.0
block1246,217500.0
block1247,950500.0
block1248,560000.0
block1249,245000.0
block1250,210000.0
block1251,174250.0
block1252,87500.0
block1253,149780.0
block1254,367500.0
block1255,422000.0
block1256,297921.0
block1257,500000.0
block1258,190000.0
block1259,539000.0
block1260,205000.0
block1261,193929.0
block1262,507500.0
block1263,435000.0
block1264,310000.0
block1265,250000.0
block1266,160000.0
block1267,156000.0
block1268,265000.0
block1269,540000.0
block1270,185000.0
block1271,246875.0
block1272,180000.0
block1273,230000.0
block1274,385000.0
block1275,145000.0
block1276,750000.0
block1277,370000.0
block1278,175682.0
block1279,260000.0
block1280,17500.0
block1281,245000.0
block1282,170000.0
block1283,377500.0
block1284,400000.0
block1285,245000.0
block1286,475000.0
block1287,198000.0
block1288,489125.0
block1289,260000.0
block1290,291000.0
block1291,357000.0
block1292,230000.0
block1293,252500.0
block1294,88874.0
block1295,279303.0
block1296,272000.0
block1297,172000.0
block1298,222000.0
block1299,110132.0
block1300,80000.0
block1301,362555.0
block1302,232000.0
block1303,250000.0
block1304,315000.0
block1305,180000.0
block1306,190000.0
block1307,220000.0
block1308,270000.0
block1309,199000.0
block1310,350000.0
block1311,165000.0
block1312,232000.0
block1313,260000.0
block1314,157500.0
block1315,235000.0
block1316,255500.0
block1317,156000.0
block1318,336000.0
block1319,396476.0
block1320,205000.0
block1321,266000.0
block1322,298000.0
block1323,88106.0
block1324,300000.0
block1325,275000.0
block1326,180000.0
block1327,273000.0
block1328,140000.0
block1329,140876.0
block1330,177500.0
block1331,625000.0
block1332,220000.0
block1333,90000.0
block1334,170000.0
block1335,190000.0
block1336,299182.0
block1337,267000.0
block1338,110000.0
block1339,227000.0
block1340,346000.0
block1341,237048.0
block1342,202921.0
block1343,400000.0
block1344,657000.0
block1345,280000.0
block1346,400000.0
block1347,57500.0
block1348,125250.0
block1349,182071.0
block1350,112229.0
block1351,230000.0
block1352,70700.0
block1353,258000.0
block1354,400000.0
block1355,425000.0
block1356,175000.0
block1357,308370.0
block1358,180616.0
block1359,270000.0
block1360,665000.0
block1361,200000.0
block1362,245000.0
block1363,327000.0
block1364,365000.0
block1365,232000.0
block1366,270000.0
block1367,176500.0
block1368,205000.0
block1369,500000.0
block1370,440000.0
block1371,910000.0
block1372,200000.0
block1373,78500.0
block1374,194500.0
block1375,100000.0
block1376,200000.0
block1377,212000.0
block1378,348000.0
block1379,215000.0
block1380,206250.0
block1381,260000.0
block1382,70000.0
block1383,115000.0
block1384,216750.0
block1385,115000.0
block1386,350000.0
block1387,305000.0
block1388,272000.0
block1389,190000.0
block1390,170000.0
block1391,225000.0
block1392,165000.0
block1393,125500.0
block1394,393000.0
block1395,45000.0
block1396,425000.0
block1397,251000.0
block1398,525000.0
block1399,223000.0
block1400,220000.0
block1401,102703.0
block1402,370000.0
block1403,210446.0
block1404,90000.0
block1405,136563.0
block1406,184700.0
block1407,100000.0
block1408,377000.0
block1409,289000.0
block1410,285000.0
block1411,217000.0
block1412,321000.0
block1413,595000.0
block1414,356000.0
block1415,225000.0
block1416,30000.0
block1417,174000.0
block1418,575000.0
block1419,200000.0
block1420,255000.0
block1421,61000.0
block1422,205000.0
block1423,89000.0
block1424,100000.0
block1425,110000.0
block1426,425000.0
block1427,255000.0
block1428,255000.0
block1429,130000.0
block1430,422500.0
block1431,135682.0
block1432,138326.0
block1433,460000.0
block1434,310000.0
block1435,1250000.0
block1436,210000.0
block1437,235000.0
block1438,185903.0
block1439,226250.0
block1440,188000.0
block1441,243685.0
block1442,270000.0
block1443,130000.0
block1444,285000.0
block1445,219950.0
block1446,230000.0
block1447,260000.0
block1448,196000.0
block1449,279000.0
block1450,383000.0
block1451,465000.0
block1452,200000.0
block1453,178500.0
block1454,200000.0
block1455,70000.0
block1456,375000.0
block1457,242500.0
block1458,185000.0
block1459,95000.0
block1460,239000.0
block1461,156000.0
block1462,230000.0
block1463,405000.0
block1464,205500.0
block1465,527000.0
block1466,216000.0
block1467,166666.0
block1468,280000.0
block1469,134105.0
block1470,280000.0
block1471,283334.0
block1472,270000.0
block1473,327357.0
block1474,305000.0
block1475,300100.0
block1476,59000.0
block1477,245000.0
block1478,280253.0
block1479,200000.0
block1480,220000.0
block1481,213986.0
block1482,96500.0
block1483,515000.0
block1484,160792.0
block1485,323000.0
block1486,86343.0
block1487,276000.0
block1488,655000.0
block1489,169603.0
block1490,59988.0
block1491,490000.0
block1492,150000.0
block1493,320000.0
block1494,208458.0
block1495,202643.0
block1496,415000.0
block1497,481000.0
block1498,193708.0
block1499,176211.0
block1500,224999.0
block1501,636100.0
block1502,325000.0
block1503,147947.0
block1504,355000.0
block1505,207048.0
block1506,275000.0
block1507,165000.0
block1508,250000.0
block1509,185000.0
block1510,245000.0
block1511,192000.0
block1512,237885.0
block1513,275770.0
block1514,7729048.0
block1515,165000.0
block1516,391700.0
block1517,178333.0
block1518,277000.0
block1519,157000.0
block1520,320000.0
block1521,1125000.0
block1522,143000.0
block1523,160132.0
block1524,175000.0
block1525,280000.0
block1526,355000.0
block1527,365000.0
block1528,380000.0
block1529,160000.0
block1530,210000.0
block1531,445000.0
block1532,650000.0
block1533,375000.0
block1534,318000.0
block1535,1550000.0
block1536,130000.0
block1537,335000.0
block1538,443000.0
block1539,242000.0
block1540,510000.0
block1541,196000.0
block1542,565000.0
block1543,287000.0
block1544,580000.0
block1545,590000.0
block1546,210000.0
block1547,740000.0
block1548,62000.0
block1549,74000.0
block1550,152000.0
block1551,110000.0
block1552,215000.0
block1553,140000.0
block1554,165000.0
block1555,224000.0
block1556,150000.0
block1557,370000.0
block1558,295000.0
block1559,170485.0
block1560,814977.0
block1561,257500.0
block1562,6000.0
block1563,400000.0
block1564,262500.0
block1565,135798.0
block1566,217500.0
block1567,202643.0
block1568,185000.0
block1569,175166.0
block1570,167500.0
block1571,363000.0
block1572,124850.0
block1573,90000.0
block1574,145000.0
block1575,651982.0
block1576,446000.0
block1577,160000.0
block1578,200000.0
block1579,300000.0
block1580,356212.0
block1581,235000.0
block1582,150000.0
block1583,315000.0
block1584,170000.0
block1585,220000.0
block1586,177000.0
block1587,466129.0
block1588,150000.0
block1589,248000.0
block1590,170000.0
block1591,430000.0
block1592,150000.0
block1593,360000.0
block1594,265848.0
block1595,140000.0
block1596,187500.0
block1597,160000.0
block1598,280000.0
block1599,250000.0
block1600,198000.0
block1601,270000.0
block1602,336000.0
block1603,310000.0
block1604,520000.0
block1605,217621.0
block1606,460000.0
block1607,223933.0
block1608,198237.0
block1609,27117.0
block1610,320000.0
block1611,325000.0
block1612,205000.0
block1613,110000.0
block1614,295000.0
block1615,710000.0
block1616,215000.0
block1617,241000.0
block1618,375000.0
block1619,332000.0
block1620,325000.0
block1621,25000.0
block1622,200000.0
block1623,170000.0
block1624,311000.0
block1625,254950.0
block1626,190000.0
block1627,235000.0
block1628,105000.0
block1629,330000.0
block1630,372500.0
block1631,215000.0
block1632,295000.0
block1633,168000.0
block1634,225000.0
block1635,84582.0
block1636,70000.0
block1637,383259.0
block1638,134327.0
block1639,165969.0
block1640,300000.0
block1641,180000.0
block1642,132158.0
block1643,397995.0
block1644,215000.0
block1645,225000.0
block1646,200000.0
block1647,100000.0
block1648,290000.0
block1649,241389.0
block1650,325000.0
block1651,149779.0
block1652,300000.0
block1653,190000.0
block1654,249000.0
block1655,325000.0
block1656,405000.0
block1657,400000.0
block1658,195000.0
block1659,205000.0
block1660,150000.0
block1661,122500.0
block1662,270000.0
block1663,218000.0
block1664,460000.0
block1665,295000.0
block1666,130000.0
block1667,261250.0
block1668,85000.0
block1669,247500.0
block1670,210000.0
block1671,150000.0
block1672,170000.0
block1673,270000.0
block1674,163000.0
block1675,168675.0
block1676,224669.0
block1677,675000.0
block1678,102000.0
block1679,414096.0
block1680,300000.0
block1681,317500.0
block1682,145000.0
block1683,142500.0
block1684,375000.0
block1685,235000.0
block1686,20000.0
block1687,131277.0
block1688,190000.0
block1689,207500.0
block1690,6000.0
block1691,220000.0
block1692,105726.0
block1693,634361.0
block1694,125000.0
block1695,228000.0
block1696,250000.0
block1697,156828.0
block1698,280000.0
block1699,303000.0
block1700,365000.0
block1701,280000.0
block1702,150000.0
block1703,123893.0
block1704,499600.0
block1705,202929.0
block1706,300000.0
block1707,180000.0
block1708,420000.0
block1709,200000.0
block1710,160000.0
block1711,215000.0
block1712,170000.0
block1713,164000.0
block1714,1550001.0
block1715,172957.0
block1716,10000.0
block1717,153760.0
block1718,167000.0
block1719,195000.0
block1720,947136.0
block1721,20000.0
block1722,195000.0
block1723,178000.0
block1724,205000.0
block1725,152666.0
block1726,93750.0
block1727,225000.0
block1728,235000.0
block1729,330000.0
block1730,157500.0
block1731,300000.0
block1732,240000.0
block1733,262000.0
block1734,180000.0
block1735,92511.0
block1736,450000.0
block1737,155000.0
block1738,227500.0
block1739,350000.0
block1740,565000.0
block1741,975000.0
block1742,285000.0
block1743,252000.0
block1744,262500.0
block1745,390000.0
block1746,275000.0
block1747,286344.0
block1748,176250.0
block1749,207000.0
block1750,430000.0
block1751,255000.0
block1752,138700.0
block1753,277500.0
block1754,370000.0
block1755,210000.0
block1756,196000.0
block1757,229074.0
block1758,300000.0
block1759,360000.0
block1760,260000.0
block1761,175000.0
block1762,150000.0
block1763,220000.0
block1764,135754.0
block1765,125000.0
block1766,325000.0
block1767,283000.0
block1768,475000.0
block1769,175000.0
block1770,255000.0
block1771,270000.0
block1772,255000.0
block1773,220000.0
block1774,295000.0
block1775,229074.0
block1776,175000.0
block1777,195000.0
block1778,195000.0
block1779,380000.0
block1780,50000.0
block1781,280000.0
block1782,355000.0
block1783,175000.0
block1784,200000.0
block1785,325000.0
block1786,210000.0
block1787,150000.0
block1788,415000.0
block1789,300000.0
block1790,368000.0
block1791,182000.0
block1792,198710.0
block1793,210000.0
block1794,145000.0
block1795,87000.0
block1796,240000.0
block1797,215000.0
block1798,207500.0
block1799,650000.0
block1800,910000.0
block1801,149052.0
block1802,230000.0
block1803,275000.0
block1804,152000.0
block1805,240000.0
block1806,185000.0
block1807,190000.0
block1808,100000.0
block1809,240000.0
block1810,365000.0
block1811,220000.0
block1812,259912.0
block1813,230000.0
block1814,225000.0
block1815,500000.0
block1816,325000.0
block1817,271690.0
block1818,585000.0
block1819,213000.0
block1820,200000.0
block1821,170000.0
block1822,257158.0
block1823,240000.0
block1824,100000.0
block1825,195000.0
block1826,305000.0
block1827,320000.0
block1828,216785.0
block1829,246696.0
block1830,398000.0
block1831,170000.0
block1832,165000.0
block1833,143375.0
block1834,202136.0
block1835,660000.0
block1836,322000.0
block1837,181250.0
block1838,270000.0
block1839,60000.0
block1840,310000.0
block1841,180000.0
block1842,425000.0
block1843,149779.0
block1844,255000.0
block1845,210854.0
block1846,50000.0
block1847,90000.0
block1848,145374.0
block1849,160903.0
block1850,292000.0
block1851,646000.0
block1852,530000.0
block1853,200000.0
block1854,149000.0
block1855,211454.0
block1856,413250.0
block1857,270000.0
block1858,270000.0
block1859,270000.0
block1860,258000.0
block1861,211000.0
block1862,325991.0
block1863,230000.0
block1864,820000.0
block1865,285000.0
block1866,330000.0
block1867,312265.0
block1868,189000.0
block1869,625000.0
block1870,80000.0
block1871,350000.0
block1872,270000.0
block1873,615000.0
block1874,197970.0
block1875,440000.0
block1876,250000.0
block1877,185000.0
block1878,175000.0
block1879,1225000.0
block1880,250000.0
block1881,154185.0
block1882,575000.0
block1883,155000.0
block1884,144000.0
block1885,435000.0
block1886,175000.0
block1887,300000.0
block1888,400000.0
block1889,175000.0
block1890,220264.0
block1891,210000.0
block1892,68000.0
block1893,2640000.0
block1894,500000.0
block1895,308524.0
block1896,132500.0
block1897,225000.0
block1898,210000.0
block1899,285000.0
block1900,230000.0
block1901,118399.0
block1902,150000.0
block1903,210000.0
block1904,125000.0
block1905,237000.0
block1906,334500.0
block1907,175000.0
block1908,220000.0
block1909,261000.0
block1910,570000.0
block1911,294000.0
block1912,157709.0
block1913,200000.0
block1914,110000.0
block1915,220000.0
block1916,205000.0
block1917,213000.0
block1918,10000.0
block1919,179000.0
block1920,400000.0
block1921,186000.0
block1922,185022.0
block1923,205000.0
block1924,515000.0
block1925,210000.0
block1926,360000.0
block1927,470000.0
block1928,390000.0
block1929,305000.0
block1930,321500.0
block1931,520000.0
block1932,226363.0
block1933,650000.0
block1934,125000.0
block1935,140000.0
block1936,280000.0
block1937,205000.0
block1938,379000.0
block1939,205000.0
block1940,470000.0
block1941,260000.0
block1942,235000.0
block1943,249000.0
block1944,585000.0
block1945,135000.0
block1946,270000.0
block1947,132000.0
block1948,242500.0
block1949,230000.0
block1950,170000.0
block1951,205000.0
block1952,350000.0
block1953,210000.0
block1954,235000.0
block1955,270000.0
block1956,282000.0
block1957,290000.0
block1958,6810.0
block1959,149950.0
block1960,2150000.0
block1961,150000.0
block1962,145000.0
block1963,345000.0
block1964,111000.0
block1965,228250.0
block1966,305000.0
block1967,360000.0
block1968,197357.0
block1969,205000.0
block1970,229000.0
block1971,214000.0
block1972,682500.0
block1973,148898.0
block1974,106000.0
block1975,277000.0
block1976,664285.0
block1977,246696.0
block1978,255000.0
block1979,347224.0
block1980,180000.0
block1981,180000.0
block1982,185000.0
block1983,312000.0
block1984,536000.0
block1985,125000.0
block1986,248000.0
block1987,156548.0
block1988,190000.0
block1989,245000.0
block1990,395000.0
block1991,127500.0
block1992,443500.0
block1993,48000.0
block1994,180000.0
block1995,190000.0
block1996,210000.0
block1997,105000.0
block1998,133000.0
block1999,255000.0
block2000,150000.0
block2001,280000.0
block2002,391800.0
block2003,247500.0
block2004,231113.0
block2005,218000.0
block2006,355000.0
block2007,260000.0
block2008,850000.0
block2009,200000.0
block2010,480000.0
block2011,205000.0
block2012,130092.0
block2013,278230.0
block2014,268000.0
block2015,322000.0
block2016,390000.0
block2017,143500.0
block2018,50000.0
block2019,295000.0
block2020,176000.0
block2021,245000.0
block2022,242000.0
block2023,169950.0
block2024,203722.0
block2025,119700.0
block2026,149339.0
block2027,405000.0
block2028,425000.0
block2029,275000.0
block2030,290000.0
block2031,390000.0
block2032,280000.0
block2033,300000.0
block2034,246266.0
block2035,180000.0
block2036,295000.0
block2037,300000.0
block2038,177500.0
block2039,130000.0
block2040,303000.0
block2041,1080000.0
block2042,97500.0
block2043,195000.0
block2044,12000.0
block2045,249760.0
block2046,395000.0
block2047,105000.0
block2048,381058.0
block2049,318413.0
block2050,127000.0
block2051,335459.0
block2052,170000.0
block2053,162500.0
block2054,440000.0
block2055,247500.0
block2056,146666.0
block2057,229074.0
block2058,206000.0
block2059,187000.0
block2060,350000.0
block2061,426000.0
block2062,388000.0
block2063,230000.0
block2064,1600000.0
block2065,30000.0
block2066,225000.0
block2067,162500.0
block2068,139879.0
block2069,167500.0
block2070,330000.0
block2071,410000.0
block2072,229074.0
block2073,250000.0
block2074,280500.0
block2075,180000.0
block2076,349482.0
block2077,103000.0
block2078,225000.0
block2079,181500.0
block2080,410000.0
block2081,397107.0
block2082,236553.0
block2083,475000.0
block2084,80000.0
block2085,250000.0
block2086,210000.0
block2087,240000.0
block2088,137500.0
block2089,158590.0
block2090,180000.0
block2091,87000.0
block2092,264317.0
block2093,285000.0
block2094,255000.0
block2095,229074.0
block2096,285000.0
block2097,147000.0
block2098,235000.0
block2099,185000.0
block2100,235000.0
block2101,189830.0
block2102,333000.0
block2103,185000.0
block2104,248000.0
block2105,285000.0
block2106,220000.0
block2107,172808.0
block2108,182000.0
block2109,330000.0
block2110,185000.0
block2111,485000.0
block2112,270000.0
block2113,470000.0
block2114,353000.0
block2115,125000.0
block2116,334000.0
block2117,57041.0
block2118,880000.0
block2119,131015.0
block2120,255000.0
block2121,250000.0
block2122,260000.0
block2123,117250.0
block2124,137326.0
block2125,185000.0
block2126,210000.0
block2127,232333.0
block2128,132158.0
block2129,210000.0
block2130,125000.0
block2131,305000.0
block2132,203772.0
block2133,340000.0
block2134,194582.0
block2135,261000.0
block2136,172000.0
block2137,196476.0
block2138,245000.0
block2139,420000.0
block2140,353900.0
block2141,72500.0
block2142,330000.0
block2143,250000.0
block2144,168500.0
block2145,267000.0
block2146,180000.0
block2147,140000.0
block2148,230000.0
block2149,100000.0
block2150,300000.0
block2151,157550.0
block2152,111000.0
block2153,415000.0
block2154,210500.0
block2155,173000.0
block2156,594714.0
block2157,222500.0
block2158,326000.0
block2159,302000.0
block2160,66000.0
block2161,158678.0
block2162,240000.0
block2163,170000.0
block2164,264322.0
block2165,171000.0
block2166,500500.0
block2167,310000.0
block2168,130000.0
block2169,380000.0
block2170,170000.0
block2171,223392.0
block2172,310000.0
block2173,162500.0
block2174,159691.0
block2175,150000.0
block2176,95000.0
block2177,147000.0
block2178,815000.0
block2179,85000.0
block2180,350000.0
block2181,266500.0
block2182,290000.0
block2183,166872.0
block2184,357000.0
block2185,79295.0
block2186,114950.0
block2187,142731.0
block2188,120000.0
block2189,55000.0
block2190,305000.0
block2191,225000.0
block2192,20000.0
block2193,140000.0
block2194,300000.0
block2195,145000.0
block2196,400000.0
block2197,175000.0
block2198,180000.0
block2199,275000.0
block2200,232951.0
block2201,128600.0
block2202,330000.0
block2203,310000.0
block2204,160000.0
block2205,260000.0
block2206,100000.0
block2207,176500.0
block2208,118942.0
block2209,150000.0
block2210,220000.0
block2211,210000.0
block2212,417000.0
block2213,357990.0
block2214,250000.0
block2215,260000.0
block2216,223500.0
block2217,330000.0
block2218,300000.0
block2219,920000.0
block2220,177785.0
block2221,280000.0
block2222,189690.0
block2223,290000.0
block2224,122500.0
block2225,1435500.0
block2226,315000.0
block2227,270000.0
block2228,445000.0
block2229,417500.0
block2230,160000.0
block2231,200000.0
block2232,125000.0
block2233,244933.0
block2234,325000.0
block2235,270000.0
block2236,150000.0
block2237,265000.0
block2238,199000.0
block2239,185000.0
block2240,350000.0
block2241,325000.0
block2242,470000.0
block2243,127428.0
block2244,343000.0
block2245,240000.0
block2246,52863.0
block2247,311000.0
block2248,115000.0
block2249,377500.0
block2250,80000.0
block2251,290000.0
block2252,540000.0
block2253,168950.0
block2254,380000.0
block2255,270000.0
block2256,330000.0
block2257,200000.0
block2258,170000.0
block2259,160793.0
block2260,183480.0
block2261,150000.0
block2262,345000.0
block2263,70000.0
block2264,115726.0
block2265,160000.0
block2266,230396.0
block2267,260000.0
block2268,269714.0
block2269,110000.0
block2270,295000.0
block2271,94000.0
block2272,124000.0
block2273,120000.0
block2274,230000.0
block2275,1298000.0
block2276,240000.0
block2277,260000.0
block2278,440000.0
block2279,220000.0
block2280,267500.0
block2281,500000.0
block2282,198000.0
block2283,130000.0
block2284,192500.0
block2285,260000.0
block2286,250000.0
block2287,420000.0
block2288,163876.0
block2289,218000.0
block2290,137000.0
block2291,285000.0
block2292,135000.0
block2293,135000.0
block2294,360000.0
block2295,112500.0
block2296,18000.0
block2297,160000.0
block2298,445000.0
block2299,420000.0
block2300,198000.0
block2301,232000.0
block2302,140000.0
block2303,145000.0
block2304,154000.0
block2305,75000.0
block2306,275000.0
block2307,276450.0
block2308,235000.0
block2309,460500.0
block2310,145374.0
block2311,465000.0
block2312,195000.0
block2313,216250.0
block2314,185000.0
block2315,205000.0
block2316,550000.0
block2317,187500.0
block2318,210000.0
block2319,515000.0
block2320,980000.0
block2321,45000.0
block2322,280000.0
block2323,415000.0
block2324,541938.0
block2325,900000.0
block2326,310000.0
block2327,287666.0
block2328,176167.0
block2329,310000.0
block2330,136250.0
block2331,307500.0
block2332,152000.0
block2333,371000.0
block2334,161369.0
block2335,557500.0
block2336,430000.0
block2337,247000.0
block2338,80000.0
block2339,92000.0
block2340,285000.0
block2341,267620.0
block2342,183000.0
block2343,127500.0
block2344,220000.0
block2345,350000.0
block2346,315000.0
block2347,260000.0
block2348,200000.0
block2349,330000.0
block2350,141666.0
block2351,150000.0
block2352,396000.0
block2353,130000.0
block2354,250000.0
block2355,103000.0
block2356,153125.0
block2357,275000.0
block2358,290000.0
block2359,50000.0
block2360,320000.0
block2361,60000.0
block2362,452000.0
block2363,227000.0
block2364,301000.0
block2365,270000.0
block2366,120000.0
block2367,150000.0
block2368,140000.0
block2369,175000.0
block2370,640000.0
block2371,150000.0
block2372,201129.0
block2373,525000.0
block2374,187600.0
block2375,175000.0
block2376,224950.0
block2377,635000.0
block2378,120000.0
block2379,1408000.0
block2380,152074.0
block2381,167000.0
block2382,190000.0
block2383,346000.0
block2384,260000.0
block2385,140500.0
block2386,185022.0
block2387,190000.0
block2388,283000.0
block2389,245000.0
block2390,596000.0
block2391,212625.0
block2392,497250.0
block2393,250000.0
block2394,215000.0
block2395,295000.0
block2396,171806.0
block2397,165000.0
block2398,270000.0
block2399,174144.0
block2400,372775.0
block2401,197500.0
block2402,291000.0
block2403,303500.0
block2404,3100000.0
block2405,287500.0
block2406,402500.0
block2407,360000.0
block2408,105727.0
block2409,340000.0
block2410,397500.0
block2411,122500.0
block2412,138000.0
block2413,215000.0
block2414,208000.0
block2415,150000.0
block2416,219333.0
block2417,347500.0
block2418,165000.0
block2419,370000.0
block2420,40000.0
block2421,193832.0
block2422,180000.0
block2423,280000.0
block2424,317180.0
block2425,195000.0
block2426,750000.0
block2427,140000.0
block2428,571000.0
block2429,165000.0
block2430,200000.0
block2431,500000.0
block2432,108370.0
block2433,168950.0
block2434,345000.0
block2435,297356.0
block2436,345000.0
block2437,170000.0
block2438,250000.0
block2439,240000.0
block2440,710000.0
block2441,380000.0
block2442,264317.0
block2443,160000.0
block2444,220000.0
block2445,425000.0
block2446,150000.0
block2447,100000.0
block2448,91250.0
block2449,160000.0
block2450,262000.0
block2451,195000.0
block2452,127000.0
block2453,270925.0
block2454,197500.0
block2455,160000.0
block2456,285000.0
block2457,430000.0
block2458,647500.0
block2459,310000.0
block2460,345000.0
block2461,370000.0
block2462,13000.0
block2463,250000.0
block2464,302500.0
block2465,240344.0
block2466,385000.0
block2467,500000.0
block2468,131277.0
block2469,208000.0
block2470,155750.0
block2471,173968.0
block2472,235000.0
block2473,160000.0
block2474,100000.0
block2475,460000.0
block2476,148000.0
block2477,60000.0
block2478,360000.0
block2479,137450.0
block2480,264352.0
block2481,210000.0
block2482,223000.0
block2483,367500.0
block2484,195000.0
block2485,240000.0
block2486,120000.0
block2487,300000.0
block2488,265000.0
block2489,140000.0
block2490,80000.0
block2491,245000.0
block2492,192375.0
block2493,178000.0
block2494,280000.0
block2495,289000.0
block2496,164500.0
block2497,230000.0
block2498,355000.0
block2499,340000.0
block2500,295000.0
block2501,213105.0
block2502,68000.0
block2503,230000.0
block2504,242500.0
block2505,220018.0
block2506,360000.0
block2507,149950.0
block2508,250000.0
block2509,50000.0
block2510,123348.0
block2511,275000.0
block2512,99000.0
block2513,297500.0
block2514,222000.0
block2515,161638.0
block2516,370000.0
block2517,95000.0
block2518,208000.0
block2519,300000.0
block2520,505000.0
block2521,345000.0
block2522,155000.0
block2523,125565.0
block2524,581111.0
block2525,445000.0
block2526,315000.0
block2527,775000.0
block2528,225000.0
block2529,400000.0
block2530,260000.0
block2531,157709.0
block2532,142290.0
block2533,260000.0
block2534,182000.0
block2535,250000.0
block2536,110000.0
block2537,320000.0
block2538,180000.0
block2539,206000.0
block2540,1391333.0
block2541,1350000.0
block2542,350000.0
block2543,315000.0
block2544,247948.0
block2545,242500.0
block2546,140000.0
block2547,43443.0
block2548,135000.0
block2549,227500.0
block2550,630000.0
block2551,162000.0
block2552,305000.0
block2553,362000.0
block2554,401845.0
block2555,197000.0
block2556,149780.0
block2557,168000.0
block2558,550000.0
block2559,167401.0
block2560,770000.0
block2561,300000.0
block2562,295000.0
block2563,270000.0
block2564,215578.0
block2565,160000.0
block2566,570000.0
block2567,133039.0
block2568,177500.0
block2569,144053.0
block2570,320000.0
block2571,96666.0
block2572,505000.0
block2573,375000.0
block2574,590000.0
block2575,135000.0
block2576,370000.0
block2577,430000.0
block2578,6985.0
block2579,300000.0
block2580,165000.0
block2581,265000.0
block2582,85416.0
block2583,76666.0
block2584,280000.0
block2585,161000.0
block2586,400000.0
block2587,325000.0
block2588,350000.0
block2589,257000.0
block2590,241000.0
block2591,320050.0
block2592,72500.0
block2593,160163.0
block2594,1718000.0
block2595,185000.0
block2596,195000.0
block2597,72000.0
block2598,224000.0
block2599,172500.0
block2600,237500.0
block2601,208000.0
block2602,255195.0
block2603,175175.0
block2604,102703.0
block2605,170000.0
block2606,138333.0
block2607,243171.0
block2608,75000.0
block2609,210000.0
block2610,185000.0
block2611,190000.0
block2612,340000.0
block2613,317500.0
block2614,500000.0
block2615,285000.0
block2616,225000.0
block2617,230000.0
block2618,40000.0
block2619,87500.0
block2620,321585.0
block2621,228000.0
block2622,260000.0
block2623,290000.0
block2624,1900000.0
block2625,750000.0
block2626,212500.0
block2627,250000.0
block2628,115000.0
block2629,176000.0
block2630,145000.0
block2631,143173.0
block2632,312775.0
block2633,256775.0
block2634,27000.0
block2635,201500.0
block2636,70000.0
block2637,280000.0
block2638,297750.0
block2639,195000.0
block2640,140969.0
block2641,259500.0
block2642,170000.0
block2643,183124.0
block2644,265000.0
block2645,165000.0
block2646,235000.0
block2647,342500.0
block2648,131674.0
block2649,200000.0
block2650,196000.0
block2651,185000.0
block2652,300000.0
block2653,189690.0
block2654,120000.0
block2655,378500.0
block2656,175000.0
block2657,333348.0
block2658,144234.0
block2659,140000.0
block2660,265000.0
block2661,270000.0
block2662,425000.0
block2663,945000.0
block2664,45000.0
block2665,270000.0
block2666,90000.0
block2667,220852.0
block2668,212000.0
block2669,300000.0
block2670,310000.0
block2671,728800.0
block2672,165000.0
block2673,205582.0
block2674,125000.0
block2675,280882.0
block2676,147000.0
block2677,138700.0
block2678,330000.0
block2679,35000.0
block2680,475000.0
block2681,245000.0
block2682,922000.0
block2683,255000.0
block2684,230000.0
block2685,170000.0
block2686,235000.0
block2687,102500.0
block2688,185022.0
block2689,120000.0
block2690,235000.0
block2691,305000.0
block2692,202500.0
block2693,270000.0
block2694,150000.0
block2695,418000.0
block2696,97925.0
block2697,180000.0
block2698,115000.0
block2699,219950.0
block2700,235000.0
block2701,210000.0
block2702,191000.0
block2703,290000.0
block2704,110000.0
block2705,410000.0
block2706,470000.0
block2707,97500.0
block2708,477000.0
block2709,400000.0
block2710,316000.0
block2711,480000.0
block2712,240000.0
block2713,116169.0
block2714,260000.0
block2715,140000.0
block2716,157042.0
block2717,250000.0
block2718,165000.0
block2719,160000.0
block2720,420000.0
block2721,72000.0
block2722,250000.0
block2723,45000.0
block2724,500000.0
block2725,500000.0
block2726,100000.0
block2727,170000.0
block2728,140000.0
block2729,211453.0
block2730,75000.0
block2731,356652.0
block2732,225000.0
block2733,172000.0
block2734,187500.0
block2735,295000.0
block2736,195000.0
block2737,313000.0
block2738,170000.0
block2739,150000.0
block2740,10000.0
block2741,240000.0
block2742,260000.0
block2743,46000.0
block2744,179609.0
block2745,255506.0
block2746,281298.0
block2747,167000.0
block2748,121000.0
block2749,354000.0
block2750,157000.0
block2751,420000.0
block2752,130000.0
block2753,275000.0
block2754,275500.0
block2755,320000.0
block2756,183000.0
block2757,230000.0
block2758,125000.0
block2759,110000.0
block2760,180000.0
block2761,154185.0
block2762,122500.0
block2763,100000.0
block2764,160000.0
block2765,158590.0
block2766,200000.0
block2767,275000.0
block2768,290000.0
block2769,150000.0
block2770,250000.0
block2771,355000.0
block2772,419000.0
block2773,201600.0
block2774,246000.0
block2775,185000.0
block2776,287500.0
block2777,150000.0
block2778,350000.0
block2779,410000.0
block2780,150000.0
block2781,272000.0
block2782,115726.0
block2783,185000.0
block2784,210000.0
block2785,585000.0
block2786,381500.0
block2787,202500.0
block2788,240000.0
block2789,242000.0
block2790,202643.0
block2791,430000.0
block2792,290000.0
block2793,345000.0
block2794,450000.0
block2795,212000.0
block2796,174759.0
block2797,282500.0
block2798,317900.0
block2799,180000.0
block2800,180000.0
block2801,375000.0
block2802,378854.0
block2803,196000.0
block2804,435000.0
block2805,155714.0
block2806,60000.0
block2807,165000.0
block2808,169000.0
block2809,229076.0
block2810,169601.0
block2811,188000.0
block2812,160000.0
block2813,330000.0
block2814,142500.0
block2815,410000.0
block2816,400000.0
block2817,225000.0
block2818,320000.0
block2819,160000.0
block2820,135000.0
block2821,372500.0
block2822,151331.0
block2823,416000.0
block2824,375000.0
block2825,120379.0
block2826,180500.0
block2827,168000.0
block2828,225000.0
block2829,255000.0
block2830,320000.0
block2831,175000.0
block2832,110132.0
block2833,175375.0
block2834,218500.0
block2835,296000.0
block2836,425000.0
block2837,265000.0
block2838,235000.0
block2839,65000.0
block2840,158590.0
block2841,140000.0
block2842,339500.0
block2843,220000.0
block2844,1395000.0
block2845,196500.0
block2846,90000.0
block2847,154185.0
block2848,299500.0
block2849,285000.0
block2850,242000.0
block2851,152000.0
block2852,125000.0
block2853,190000.0
block2854,365000.0
block2855,430000.0
block2856,172333.0
block2857,200000.0
block2858,322500.0
block2859,235000.0
block2860,431718.0
block2861,297500.0
block2862,225000.0
block2863,750000.0
block2864,90265.0
block2865,490000.0
block2866,118942.0
block2867,540000.0
block2868,150000.0
block2869,280000.0
block2870,245000.0
block2871,136000.0
block2872,320000.0
block2873,295000.0
block2874,110000.0
block2875,290666.0
block2876,159500.0
block2877,115000.0
block2878,336000.0
block2879,115000.0
block2880,122500.0
block2881,130000.0
block2882,283500.0
block2883,717000.0
block2884,290000.0
block2885,100000.0
block2886,230000.0
block2887,188439.0
block2888,150000.0
block2889,125000.0
block2890,271000.0
block2891,342000.0
block2892,230000.0
block2893,415000.0
block2894,305000.0
block2895,152500.0
block2896,205000.0
block2897,175000.0
block2898,4563876.0
block2899,230000.0
block2900,303500.0
block2901,210000.0
block2902,150000.0
block2903,62000.0
block2904,217500.0
block2905,180000.0
block2906,250000.0
block2907,232500.0
block2908,210000.0
block2909,395000.0
block2910,650000.0
block2911,142000.0
block2912,72000.0
block2913,102703.0
block2914,250000.0
block2915,410000.0
block2916,250000.0
block2917,375000.0
block2918,270000.0
block2919,166000.0
block2920,267000.0
block2921,318000.0
block2922,308370.0
block2923,215000.0
block2924,100000.0
block2925,185022.0
block2926,216200.0
block2927,275000.0
block2928,235750.0
block2929,125000.0
block2930,54583.0
block2931,230000.0
block2932,200000.0
block2933,227558.0
block2934,262500.0
block2935,158500.0
block2936,150000.0
block2937,355000.0
block2938,180000.0
block2939,180000.0
block2940,205000.0
block2941,133000.0
block2942,215000.0
block2943,160000.0
block2944,393000.0
block2945,225000.0
block2946,243500.0
block2947,550000.0
block2948,460000.0
block2949,310000.0
block2950,195555.0
block2951,2150000.0
block2952,445000.0
block2953,40000.0
block2954,327000.0
block2955,810000.0
block2956,140000.0
block2957,213000.0
block2958,217500.0
block2959,295000.0
block2960,455000.0
block2961,225000.0
block2962,206000.0
block2963,149000.0
block2964,310000.0
block2965,255000.0
block2966,440000.0
block2967,178500.0
block2968,115000.0
block2969,259911.0
block2970,405000.0
block2971,287000.0
block2972,222000.0
block2973,218750.0
block2974,990000.0
block2975,127500.0
block2976,393000.0
block2977,102500.0
block2978,380000.0
block2979,138326.0
block2980,182697.0
block2981,330000.0
block2982,195000.0
block2983,290000.0
block2984,265000.0
block2985,650000.0
block2986,121000.0
block2987,264317.0
block2988,200000.0
block2989,90082.0
block2990,150000.0
block2991,255000.0
block2992,102703.0
block2993,450000.0
block2994,345000.0
block2995,520000.0
block2996,1496000.0
block2997,750000.0
block2998,510000.0
block2999,364000.0
block3000,125000.0
block3001,422000.0
block3002,200000.0
block3003,730000.0
block3004,315859.0
block3005,150000.0
block3006,32000.0
block3007,204000.0
block3008,246696.0
block3009,340000.0
block3010,297500.0
block3011,223582.0
block3012,265000.0
block3013,260000.0
block3014,245000.0
block3015,406767.0
block3016,320000.0
block3017,126872.0
block3018,365000.0
block3019,162000.0
block3020,275000.0
block3021,340000.0
block3022,550000.0
block3023,280000.0
block3024,308500.0
block3025,171806.0
block3026,825000.0
block3027,210000.0
block3028,300000.0
block3029,150000.0
block3030,119295.0
block3031,255507.0
block3032,225000.0
block3033,183927.0
block3034,277533.0
block3035,214295.0
block3036,664333.0
block3037,200000.0
block3038,132000.0
block3039,230000.0
block3040,114537.0
block3041,655000.0
block3042,180000.0
block3043,320000.0
block3044,272166.0
block3045,300000.0
block3046,191000.0
block3047,427000.0
block3048,142000.0
block3049,330000.0
block3050,400500.0
block3051,230000.0
block3052,166802.0
block3053,460000.0
block3054,100000.0
block3055,185021.0
block3056,370000.0
block3057,390000.0
block3058,125000.0
block3059,280080.0
block3060,170000.0
block3061,193000.0
block3062,222000.0
block3063,150000.0
block3064,275000.0
block3065,225000.0
block3066,184250.0
block3067,455000.0
block3068,650000.0
block3069,190000.0
block3070,100000.0
block3071,330995.0
block3072,55000.0
block3073,325000.0
block3074,350000.0
block3075,161000.0
block3076,348000.0
block3077,145000.0
block3078,267000.0
block3079,500000.0
block3080,70000.0
block3081,465000.0
block3082,220000.0
block3083,310000.0
block3084,140088.0
block3085,255000.0
block3086,70485.0
block3087,205000.0
block3088,167400.0
block3089,322500.0
block3090,120000.0
block3091,300000.0
block3092,450000.0
block3093,325000.0
block3094,75000.0
block3095,700000.0
block3096,605500.0
block3097,295000.0
block3098,300000.0
block3099,425000.0
block3100,234807.0
block3101,285000.0
block3102,150000.0
block3103,2600000.0
block3104,260000.0
block3105,170250.0
block3106,784044.0
block3107,80000.0
block3108,105845.0
block3109,295000.0
block3110,365000.0
block3111,10000.0
block3112,306000.0
block3113,308946.0
block3114,112000.0
block3115,136000.0
block3116,600000.0
block3117,94000.0
block3118,295000.0
block3119,392070.0
block3120,230000.0
block3121,273127.0
block3122,100000.0
block3123,251102.0
block3124,260000.0
block3125,165000.0
block3126,257000.0
block3127,130000.0
block3128,145000.0
block3129,120000.0
block3130,180000.0
block3131,175000.0
block3132,515000.0
block3133,176167.0
block3134,260000.0
block3135,183500.0
block3136,337000.0
block3137,275000.0
block3138,160000.0
block3139,170000.0
block3140,237373.0
block3141,132158.0
block3142,532000.0
block3143,180000.0
block3144,255000.0
block3145,10000.0
block3146,310000.0
block3147,153000.0
block3148,138061.0
block3149,120640.0
block3150,108250.0
block3151,522907.0
block3152,200000.0
block3153,247000.0
block3154,220000.0
block3155,382500.0
block3156,184000.0
block3157,182500.0
block3158,160000.0
block3159,250000.0
block3160,845000.0
block3161,180000.0
block3162,196000.0
block3163,260000.0
block3164,139000.0
block3165,195000.0
block3166,338000.0
block3167,172000.0
block3168,187224.0
block3169,242290.0
block3170,390000.0
block3171,140000.0
block3172,150000.0
block3173,440000.0
block3174,169950.0
block3175,195000.0
block3176,265000.0
block3177,121000.0
block3178,230000.0
block3179,165000.0
block3180,507000.0
block3181,290000.0
block3182,179000.0
block3183,174000.0
block3184,69083.0
block3185,160000.0
block3186,241000.0
block3187,125000.0
block3188,522000.0
block3189,110000.0
block3190,330000.0
block3191,704850.0
block3192,176211.0
block3193,260000.0
block3194,95000.0
block3195,196000.0
block3196,420000.0
block3197,190000.0
block3198,207048.0
block3199,300000.0
block3200,244933.0
block3201,168000.0
block3202,643171.0
block3203,210863.0
block3204,385000.0
block3205,220000.0
block3206,546255.0
block3207,180000.0
block3208,103000.0
block3209,270000.0
block3210,630000.0
block3211,590000.0
block3212,210000.0
block3213,221000.0
block3214,60000.0
block3215,267500.0
block3216,380000.0
block3217,415000.0
block3218,240000.0
block3219,125000.0
block3220,140478.0
block3221,415000.0
block3222,220000.0
block3223,190000.0
block3224,782000.0
block3225,262500.0
block3226,158000.0
block3227,295000.0
block3228,362000.0
block3229,237603.0
block3230,126500.0
block3231,210000.0
block3232,218000.0
block3233,76338.0
block3234,40000.0
block3235,251000.0
block3236,150118.0
block3237,180000.0
block3238,258000.0
block3239,190000.0
block3240,156000.0
block3241,270000.0
block3242,80000.0
block3243,360000.0
block3244,360000.0
block3245,225000.0
block3246,240101.0
block3247,49929.0
block3248,275000.0
block3249,206000.0
block3250,40000.0
block3251,370000.0
block3252,340000.0
block3253,210600.0
block3254,151541.0
block3255,220000.0
block3256,41000.0
block3257,310000.0
block3258,303750.0
block3259,326991.0
block3260,460000.0
block3261,175000.0
block3262,100000.0
block3263,440000.0
block3264,132114.0
block3265,152644.0
block3266,115000.0
block3267,285000.0
block3268,225000.0
block3269,220000.0
block3270,161875.0
block3271,1640000.0
block3272,314000.0
block3273,260000.0
block3274,76666.0
block3275,150000.0
block3276,205080.0
block3277,180000.0
block3278,205000.0
block3279,1090000.0
block3280,235000.0
block3281,71100.0
block3282,295000.0
block3283,550000.0
block3284,252000.0
block3285,190250.0
block3286,260000.0
block3287,175000.0
block3288,270000.0
block3289,246699.0
block3290,180000.0
block3291,238000.0
block3292,125000.0
block3293,510000.0
block3294,115000.0
block3295,200000.0
block3296,185500.0
block3297,286344.0
block3298,206000.0
block3299,380000.0
block3300,300000.0
block3301,110000.0
block3302,152000.0
block3303,100000.0
block3304,240000.0
block3305,260000.0
block3306,236499.0
block3307,257000.0
block3308,89500.0
block3309,182000.0
block3310,315000.0
block3311,124583.0
block3312,367000.0
block3313,195000.0
block3314,260000.0
block3315,240000.0
block3316,160000.0
block3317,250000.0
block3318,414000.0
block3319,375000.0
block3320,224669.0
block3321,240000.0
block3322,507000.0
block3323,250000.0
block3324,365000.0
block3325,160000.0
block3326,155000.0
block3327,192500.0
block3328,405000.0
block3329,355000.0
block3330,460000.0
block3331,263000.0
block3332,337500.0
block3333,130000.0
block3334,70000.0
block3335,125000.0
block3336,286500.0
block3337,209169.0
block3338,212500.0
block3339,302500.0
block3340,450000.0
block3341,400000.0
block3342,360000.0
block3343,132000.0
block3344,175000.0
block3345,190000.0
block3346,235000.0
block3347,855000.0
block3348,400000.0
block3349,262000.0
block3350,85000.0
block3351,140969.0
block3352,195000.0
block3353,270000.0
block3354,180000.0
block3355,267500.0
block3356,285600.0
block3357,140000.0
block3358,912500.0
block3359,257980.0
block3360,265000.0
block3361,214500.0
block3362,390000.0
block3363,185000.0
block3364,620000.0
block3365,260000.0
block3366,187000.0
block3367,218500.0
block3368,313500.0
block3369,235000.0
block3370,201000.0
block3371,264462.0
block3372,140088.0
block3373,240000.0
block3374,265000.0
block3375,540000.0
block3376,68000.0
block3377,204846.0
block3378,60000.0
block3379,150000.0
block3380,120000.0
block3381,135255.0
block3382,165000.0
block3383,605000.0
block3384,575000.0
block3385,297500.0
block3386,176167.0
block3387,365000.0
block3388,360000.0
block3389,168067.0
block3390,345000.0
block3391,675000.0
block3392,360000.0
block3393,205000.0
block3394,260000.0
block3395,199100.0
block3396,865000.0
block3397,385000.0
block3398,275000.0
block3399,149833.0
block3400,312776.0
block3401,180000.0
block3402,600000.0
block3403,710000.0
block3404,545000.0
block3405,475000.0
block3406,285000.0
block3407,381000.0
block3408,95000.0
block3409,610000.0
block3410,255000.0
block3411,97000.0
block3412,264317.0
block3413,1481111.0
block3414,120000.0
block3415,200000.0
block3416,90000.0
block3417,238000.0
block3418,160000.0
block3419,445000.0
block3420,105000.0
block3421,248625.0
block3422,210000.0
block3423,300000.0
block3424,210000.0
block3425,130000.0
block3426,118544.0
block3427,840000.0
block3428,241000.0
block3429,199000.0
block3430,175000.0
block3431,149779.0
block3432,80000.0
block3433,230000.0
block3434,300000.0
block3435,362000.0
block3436,340000.0
block3437,260000.0
block3438,700000.0
block3439,195000.0
block3440,735000.0
block3441,100000.0
block3442,775000.0
block3443,374500.0
block3444,310000.0
block3445,130792.0
block3446,80000.0
block3447,170000.0
block3448,217476.0
block3449,170000.0
block3450,470000.0
block3451,441498.0
block3452,340000.0
block3453,200000.0
block3454,305000.0
block3455,50000.0
block3456,168000.0
block3457,210000.0
block3458,188500.0
block3459,171806.0
block3460,372500.0
block3461,250000.0
block3462,316500.0
block3463,170000.0
block3464,185688.0
block3465,285000.0
block3466,710000.0
block3467,225000.0
block3468,153600.0
block3469,410000.0
block3470,163000.0
block3471,255000.0
block3472,294250.0
block3473,50000.0
block3474,210000.0
block3475,250000.0
block3476,185000.0
block3477,85000.0
block3478,110000.0
block3479,220000.0
block3480,350000.0
block3481,236000.0
block3482,385000.0
block3483,350000.0
block3484,290000.0
block3485,30000.0
block3486,297500.0
block3487,160000.0
block3488,135000.0
block3489,199000.0
block3490,870000.0
block3491,230000.0
block3492,435000.0
block3493,570000.0
block3494,266520.0
block3495,180000.0
block3496,177500.0
block3497,180000.0
block3498,255000.0
block3499,57450.0
block3500,180000.0
block3501,148960.0
block3502,165000.0
block3503,175000.0
block3504,330000.0
block3505,215000.0
block3506,196402.0
block3507,75000.0
block3508,92500.0
block3509,14350.0
block3510,205000.0
block3511,305000.0
block3512,227250.0
block3513,170000.0
block3514,149779.0
block3515,420000.0
block3516,228500.0
block3517,177000.0
block3518,224669.0
block3519,310000.0
block3520,70000.0
block3521,384000.0
block3522,255000.0
block3523,257500.0
block3524,280000.0
block3525,246666.0
block3526,467500.0
block3527,225000.0
block3528,440000.0
block3529,310132.0
block3530,199999.0
block3531,210000.0
block3532,215000.0
block3533,195000.0
block3534,227500.0
block3535,722000.0
block3536,208000.0
block3537,470000.0
block3538,295000.0
block3539,261000.0
block3540,65000.0
block3541,337500.0
block3542,195000.0
block3543,164950.0
block3544,220000.0
block3545,147000.0
block3546,361233.0
block3547,210000.0
block3548,340000.0
block3549,40000.0
block3550,230000.0
block3551,485000.0
block3552,230000.0
block3553,97500.0
block3554,157000.0
block3555,355000.0
block3556,230000.0
block3557,260000.0
block3558,330000.0
block3559,295154.0
block3560,276000.0
block3561,144000.0
block3562,119322.0
block3563,160000.0
block3564,1150000.0
block3565,425000.0
block3566,325000.0
block3567,125000.0
block3568,142500.0
block3569,330000.0
block3570,125000.0
block3571,222000.0
block3572,172500.0
block3573,188000.0
block3574,357500.0
block3575,264000.0
block3576,275000.0
block3577,182071.0
block3578,520000.0
block3579,315500.0
block3580,50000.0
block3581,303750.0
block3582,260000.0
block3583,155000.0
block3584,305000.0
block3585,150000.0
block3586,397000.0
block3587,225000.0
block3588,212000.0
block3589,180000.0
block3590,265000.0
block3591,300000.0
block3592,182071.0
block3593,190000.0
block3594,647000.0
block3595,256900.0
block3596,200000.0
block3597,865000.0
block3598,260500.0
block3599,80000.0
block3600,177500.0
block3601,210000.0
block3602,260000.0
block3603,281938.0
block3604,305000.0
block3605,180000.0
block3606,127200.0
block3607,162033.0
block3608,165000.0
block3609,340000.0
block3610,3000000.0
block3611,385000.0
block3612,300000.0
block3613,155000.0
block3614,1000000.0
block3615,171134.0
block3616,233262.0
block3617,202643.0
block3618,575000.0
block3619,385000.0
block3620,152000.0
block3621,334008.0
block3622,280000.0
block3623,80000.0
block3624,82500.0
block3625,220264.0
block3626,230000.0
block3627,190000.0
block3628,180000.0
block3629,225000.0
block3630,725000.0
block3631,236000.0
block3632,159105.0
block3633,139560.0
block3634,187000.0
block3635,250000.0
block3636,307500.0
block3637,600000.0
block3638,283750.0
block3639,200000.0
block3640,720000.0
block3641,242950.0
block3642,492500.0
block3643,170000.0
block3644,458149.0
block3645,135000.0
block3646,312775.0
block3647,236750.0
block3648,260000.0
block3649,360000.0
block3650,172000.0
block3651,410000.0
block3652,220264.0
block3653,140000.0
block3654,282000.0
block3655,175000.0
block3656,245000.0
block3657,140000.0
block3658,615000.0
block3659,149000.0
block3660,280000.0
block3661,290000.0
block3662,189500.0
block3663,335000.0
block3664,300000.0
block3665,510000.0
block3666,150000.0
block3667,265000.0
block3668,170000.0
block3669,275000.0
block3670,187414.0
block3671,425000.0
block3672,110000.0
block3673,200000.0
block3674,510000.0
block3675,168281.0
block3676,210000.0
block3677,480000.0
block3678,320000.0
block3679,155000.0
block3680,116250.0
block3681,215000.0
block3682,125000.0
block3683,180132.0
block3684,240000.0
block3685,300000.0
block3686,180000.0
block3687,240000.0
block3688,265000.0
block3689,350000.0
block3690,525000.0
block3691,632000.0
block3692,261000.0
block3693,270000.0
block3694,225000.0
block3695,217500.0
block3696,85000.0
block3697,373500.0
block3698,254000.0
block3699,475000.0
block3700,140000.0
block3701,164000.0
block3702,160000.0
block3703,316000.0
block3704,390000.0
block3705,590000.0
block3706,176000.0
block3707,140000.0
block3708,240000.0
block3709,96872.0
block3710,155000.0
block3711,595000.0
block3712,185000.0
block3713,250000.0
block3714,210572.0
block3715,171134.0
block3716,307500.0
block3717,185000.0
block3718,180000.0
block3719,100000.0
block3720,327000.0
block3721,185022.0
block3722,309435.0
block3723,137000.0
block3724,280000.0
block3725,142725.0
block3726,280000.0
block3727,260000.0
block3728,340000.0
block3729,285000.0
block3730,107500.0
block3731,205000.0
block3732,295000.0
block3733,149779.0
block3734,175000.0
block3735,628500.0
block3736,180000.0
block3737,159000.0
block3738,212500.0
block3739,245000.0
block3740,275000.0
block3741,145000.0
block3742,366667.0
block3743,200000.0
block3744,225000.0
block3745,172500.0
block3746,175000.0
block3747,175000.0
block3748,512500.0
block3749,170000.0
block3750,350000.0
block3751,117500.0
block3752,330000.0
block3753,290000.0
block3754,90000.0
block3755,240000.0
block3756,375000.0
block3757,243500.0
block3758,1200000.0
block3759,170000.0
block3760,132500.0
block3761,438000.0
block3762,301000.0
block3763,50000.0
block3764,244000.0
block3765,265000.0
block3766,160000.0
block3767,715000.0
block3768,254500.0
block3769,223500.0
block3770,180000.0
block3771,122727.0
block3772,42000.0
block3773,50000.0
block3774,227500.0
block3775,300000.0
block3776,290000.0
block3777,202500.0
block3778,224670.0
block3779,201855.0
block3780,121982.0
block3781,581234.0
block3782,600000.0
block3783,175122.0
block3784,237885.0
block3785,195000.0
block3786,350000.0
block3787,295000.0
block3788,365000.0
block3789,740000.0
block3790,125000.0
block3791,465000.0
block3792,350000.0
block3793,178000.0
block3794,502000.0
block3795,307500.0
block3796,307000.0
block3797,380000.0
block3798,335000.0
block3799,215000.0
block3800,169000.0
block3801,184000.0
block3802,470000.0
block3803,216000.0
block3804,335000.0
block3805,225000.0
block3806,2424000.0
block3807,352422.0
block3808,70000.0
block3809,139000.0
block3810,435000.0
block3811,310000.0
block3812,320000.0
block3813,210000.0
block3814,230000.0
block3815,75000.0
block3816,340000.0
block3817,220000.0
block3818,335000.0
block3819,425000.0
block3820,655000.0
block3821,202000.0
block3822,130000.0
block3823,182500.0
block3824,240000.0
block3825,120000.0
block3826,175330.0
block3827,305000.0
block3828,310000.0
block3829,222500.0
block3830,35000.0
block3831,218000.0
block3832,87500.0
block3833,1090000.0
block3834,48458.0
block3835,162000.0
block3836,122500.0
block3837,580000.0
block3838,517000.0
block3839,212000.0
block3840,167380.0
block3841,216000.0
block3842,210000.0
block3843,248000.0
block3844,360000.0
block3845,350000.0
block3846,575000.0
block3847,240000.0
block3848,295000.0
block3849,128500.0
block3850,201500.0
block3851,235000.0
block3852,537444.0
block3853,230000.0
block3854,345000.0
block3855,182000.0
block3856,250000.0
block3857,265000.0
block3858,189000.0
block3859,337158.0
block3860,182500.0
block3861,318832.0
block3862,88000.0
block3863,311806.0
block3864,280000.0
block3865,435000.0
block3866,246000.0
block3867,145000.0
block3868,260000.0
block3869,195000.0
block3870,142000.0
block3871,186000.0
block3872,156500.0
block3873,243000.0
block3874,30000.0
block3875,107777.0
block3876,330000.0
block3877,130000.0
block3878,333000.0
block3879,14035.0
block3880,140000.0
block3881,154141.0
block3882,255000.0
block3883,151000.0
block3884,110500.0
block3885,298000.0
block3886,236500.0
block3887,155000.0
block3888,140969.0
block3889,920000.0
block3890,280000.0
block3891,689000.0
block3892,150000.0
block3893,195000.0
block3894,215000.0
block3895,105000.0
block3896,215000.0
block3897,425000.0
block3898,188000.0
block3899,168675.0
block3900,280000.0
block3901,205000.0
block3902,180875.0
block3903,325043.0
block3904,145000.0
block3905,350000.0
block3906,205000.0
block3907,310000.0
block3908,102703.0
block3909,193000.0
block3910,125000.0
block3911,94000.0
block3912,150000.0
block3913,130000.0
block3914,200000.0
block3915,352500.0
block3916,340000.0
block3917,170000.0
block3918,187500.0
block3919,690000.0
block3920,300000.0
block3921,385000.0
block3922,140969.0
block3923,300000.0
block3924,276250.0
block3925,399000.0
block3926,279972.0
block3927,362000.0
block3928,268000.0
block3929,315000.0
block3930,230000.0
block3931,395000.0
block3932,210000.0
block3933,163755.0
block3934,230000.0
block3935,249000.0
block3936,250000.0
block3937,286343.0
block3938,363000.0
block3939,1125000.0
block3940,400000.0
block3941,197730.0
block3942,257500.0
block3943,285000.0
block3944,308370.0
block3945,592000.0
block3946,230000.0
block3947,96250.0
block3948,120000.0
block3949,262500.0
block3950,270000.0
block3951,430000.0
block3952,225000.0
block3953,280000.0
block3954,138000.0
block3955,1300000.0
block3956,159000.0
block3957,325000.0
block3958,1200000.0
block3959,580000.0
block3960,295000.0
block3961,220000.0
block3962,120000.0
block3963,220800.0
block3964,95000.0
block3965,157000.0
block3966,770000.0
block3967,193832.0
block3968,200000.0
block3969,1375000.0
block3970,385000.0
block3971,230000.0
block3972,270000.0
block3973,177210.0
block3974,277500.0
block3975,187000.0
