Price,Latitude,Longitude
"$425,500 ",37.7641347143,-122.417490102
"$1,160,000 ",37.79040745,-122.396186623
"$774,025 ",37.773924,-122.39625465
"$660,000 ",37.7606216327,-122.474876408
"$450,000 ",0.0,0.0
"$680,000 ",37.7771510204,-122.444091735
"$820,000 ",37.779152,-122.3921513
"$227,000 ",37.7373720673,-122.382129332
"$476,000 ",0.0,0.0
"$640,000 ",37.7327575,-122.4881805
"$1,365,000 ",37.7873785714,-122.453981122
"$470,000 ",37.7580377,-122.4693025
"$945,000 ",37.7571242174,-122.432313043
"$475,000 ",37.7140296603,-122.401086502
"$850,000 ",37.7414945,-122.4210295
"$459,000 ",37.7135547143,-122.407959857
"$275,000 ",0.0,0.0
"$720,000 ",0.0,0.0
"$450,000 ",37.745121,-122.415507
"$699,000 ",37.7451108887,-122.415473908
"$860,000 ",37.7769117,-122.393795
"$1,400,000 ",0.0,0.0
"$655,000 ",37.9791411951,-122.511593991
"$1,500 ",37.77457175,-122.399542503
"$707,000 ",37.7778951,-122.3925476
"$582,000 ",0.0,0.0
"$725,000 ",0.0,0.0
"$952,000 ",37.7853142611,-122.424326017
"$778,000 ",37.7482740816,-122.432185796
"$790,000 ",0.0,0.0
"$710,000 ",0.0,0.0
"$719,000 ",37.7816518667,-122.481518156
"$850,000 ",0.0,0.0
"$370,000 ",37.7107787959,-122.411656612
"$744,000 ",37.7647814,-122.4740916
"$1,140,000 ",0.0,0.0
"$625,000 ",37.7640794694,-122.403365061
"$730,000 ",37.7602282653,-122.391183265
"$512,000 ",37.789788,-122.412356
"$685,000 ",37.788847,-122.418486
"$208,000 ",0.0,0.0
"$680,000 ",37.78315,-122.4206825
"$920,000 ",37.79040745,-122.396186623
"$1,900,000 ",37.7984425102,-122.413736408
"$1,025,000 ",37.7928856549,-122.416468685
"$377,000 ",0.0,0.0
"$1,890,000 ",37.7604374311,-122.450239374
"$1,300,000 ",37.752882,-122.443576
"$1,130,000 ",37.79040745,-122.396186623
"$231,255 ",37.7272134195,-122.395442217
"$480,000 ",0.0,0.0
"$588,000 ",37.7551668776,-122.47557151
"$809,900 ",37.7614742852,-122.443722835
"$750,000 ",37.802831898,-122.421091265
"$554,100 ",0.0,0.0
"$2,004,000 ",37.79040745,-122.396186623
"$550,000 ",37.7450330625,-122.407853875
"$1,025,000 ",37.7339761169,-122.454110901
"$1,340,000 ",37.788079,-122.4033181
"$380,000 ",0.0,0.0
"$820,637 ",37.7633145,-122.445544898
"$565,000 ",0.0,0.0
"$2,000,000 ",0.0,0.0
"$1,450,000 ",37.786527,-122.438316
"$1,880,000 ",37.79040745,-122.396186623
"$205,720 ",37.7835739,-122.391145909
"$625,000 ",37.7640794694,-122.403365061
"$231,600 ",37.7285789184,-122.390242429
"$972,350 ",37.78315,-122.4206825
"$315,000 ",37.7176407143,-122.456200735
"$1,300,000 ",37.7778484286,-122.468454714
"$263,803 ",0.0,0.0
"$525,000 ",0.0,0.0
"$649,000 ",37.79023925,-122.421382544
"$605,000 ",37.78315,-122.4206825
"$512,000 ",37.7542374,-122.4764765
"$600,000 ",37.7451921224,-122.506911837
"$260,000 ",0.0,0.0
"$700,000 ",37.7455481481,-122.434431407
"$1,220,000 ",37.7668266383,-122.447246504
"$575,000 ",37.7548031224,-122.486082959
"$637,000 ",37.7322559184,-122.446234388
"$875,000 ",0.0,0.0
"$715,000 ",37.8015867333,-122.408307533
"$750,000 ",38.134634,-122.2538459
"$360,000 ",0.0,0.0
"$2,750,000 ",37.79040745,-122.396186623
"$660,000 ",37.7640794694,-122.403365061
"$310,000 ",37.735911,-122.398406
"$550,000 ",37.73414625,-122.416995875
"$949,050 ",37.7930349184,-122.423648306
"$820,000 ",0.0,0.0
"$608,000 ",37.758085,-122.487386571
"$571,000 ",37.7444965306,-122.501690612
"$1,050,000 ",37.7500349,-122.4269177
"$930,000 ",37.77468565,-122.394090301
"$865,000 ",37.7991705,-122.418621
"$1,680,000 ",37.8026870119,-122.407169304
"$1,550,000 ",0.0,0.0
"$280,000 ",37.7102241757,-122.466985305
"$498,000 ",37.7769117,-122.393795
"$700,000 ",0.0,0.0
"$92,500 ",37.78247845,-122.390318498
"$92,500 ",37.78247845,-122.390318498
"$955,000 ",37.7911971429,-122.445218857
"$540,000 ",37.7794951429,-122.486737714
"$855,000 ",37.786221,-122.389487
"$385,000 ",0.0,0.0
"$873,000 ",0.0,0.0
"$844,000 ",0.0,0.0
"$827,000 ",0.0,0.0
"$1,015,000 ",37.78246435,-122.390877389
"$755,000 ",37.760182,-122.391297
"$799,000 ",37.760182,-122.391297
"$231,255 ",0.0,0.0
"$231,332 ",0.0,0.0
"$1,570,000 ",37.7663561489,-122.44715044
"$482,000 ",37.7539475085,-122.392877695
"$1,250,000 ",0.0,0.0
"$805,000 ",0.0,0.0
"$810,000 ",0.0,0.0
"$599,000 ",37.7583853535,-122.393088515
"$470,000 ",0.0,0.0
"$208,000 ",0.0,0.0
"$425,500 ",0.0,0.0
"$970,000 ",37.7675774286,-122.4277465
"$690,000 ",37.7640794694,-122.403365061
"$748,000 ",37.7601114045,-122.409857897
"$760,000 ",0.0,0.0
"$489,000 ",0.0,0.0
"$640,000 ",0.0,0.0
"$1,490,000 ",37.7784491939,-122.493110378
"$265,000 ",37.7100463092,-122.467327575
"$775,000 ",37.7451814082,-122.438014776
"$1,000,000 ",37.79040745,-122.396186623
"$420,000 ",37.7513640417,-122.407619958
"$1,339,000 ",37.9641275675,-122.510592999
"$799,000 ",37.7581645102,-122.493841184
"$580,000 ",37.7510306939,-122.491192755
"$550,000 ",37.722842625,-122.4403655
"$600,000 ",37.78795,-122.4336469
"$845,000 ",0.0,0.0
"$520,000 ",37.7834341,-122.4211303
"$1,225,000 ",37.7637860058,-122.436717886
"$531,600 ",0.0,0.0
"$551,000 ",37.7264062245,-122.438398261
"$1,725,000 ",37.79040745,-122.396186623
"$769,000 ",0.0,0.0
"$710,000 ",37.779152,-122.3921513
"$231,497 ",0.0,0.0
"$586,000 ",37.7837468571,-122.443510857
"$1,225,000 ",37.756100102,-122.435983796
"$620,000 ",37.7365333333,-122.416121354
"$1,800,000 ",0.0,0.0
"$535,000 ",0.0,0.0
"$1,079,000 ",37.7720823673,-122.453649959
"$575,000 ",37.7194863265,-122.463661224
"$275,000 ",37.710589,-122.466307
"$835,706 ",37.7741758,-122.394637409
"$635,000 ",37.7306228776,-122.444974061
"$595,000 ",37.7539475085,-122.392877695
"$231,255 ",37.7272134195,-122.395442217
"$1,250,000 ",0.0,0.0
"$939,000 ",37.79040745,-122.396186623
"$879,000 ",37.7835737347,-122.444868408
"$1,300,000 ",37.78247845,-122.390318498
"$1,039,000 ",37.7930349184,-122.423648306
"$720,000 ",37.778528551,-122.504940959
"$519,000 ",37.5392874605,-122.514764161
"$1,450,000 ",37.7883769004,-122.392481617
"$1,170,000 ",37.7477571429,-122.436074714
"$435,000 ",0.0,0.0
"$775,000 ",37.801173,-122.419206
"$985,000 ",37.7872144167,-122.464836917
"$475,000 ",0.0,0.0
"$618,000 ",37.754884,-122.3964699
"$1,250,000 ",37.79040745,-122.396186623
"$1,275,000 ",37.79040745,-122.396186623
"$245,000 ",0.0,0.0
"$1,500,000 ",37.79040745,-122.396186623
"$1,370,700 ",37.79835,-122.417519
"$415,000 ",37.7147548571,-122.435907898
"$625,000 ",37.77468565,-122.394090301
"$1,875,000 ",37.798495125,-122.399930875
"$1,200,000 ",0.0,0.0
"$780,000 ",37.761940898,-122.487861878
"$425,000 ",37.7502813673,-122.507469857
"$395,000 ",37.7122201429,-122.458206816
"$660,000 ",37.773924,-122.39625465
"$625,000 ",0.0,0.0
"$650,000 ",0.0,0.0
"$715,000 ",37.7882253,-122.3933334
"$265,000 ",0.0,0.0
"$899,000 ",0.0,0.0
"$2,515,000 ",37.79040745,-122.396186623
"$975,000 ",0.0,0.0
"$985,000 ",37.8032534375,-122.417875625
"$900,000 ",37.7878687143,-122.430149571
"$1,850,000 ",37.79040745,-122.396186623
"$301,000 ",37.7112576532,-122.388883516
"$254,000 ",37.7104020421,-122.466643035
"$811,000 ",37.7778951,-122.3925476
"$760,000 ",37.773924,-122.39625465
"$820,000 ",37.78315,-122.4206825
"$1,460,000 ",37.799485102,-122.420690796
"$375,000 ",37.7816321837,-122.43226498
"$450,000 ",37.7834341,-122.4211303
"$555,000 ",37.7632787959,-122.494406694
"$1,230,500 ",0.0,0.0
"$825,000 ",37.786221,-122.389487
"$710,000 ",37.7993309388,-122.437307796
"$1,122,100 ",37.7930349184,-122.423648306
"$789,000 ",37.7622371667,-122.437935833
"$725,000 ",37.7600162,-122.4241946
"$720,000 ",37.79040745,-122.396186623
"$880,000 ",0.0,0.0
"$1,120,000 ",37.9342276316,-122.535463053
"$940,000 ",37.7596285,-122.390840964
"$889,000 ",37.7453788,-122.4271574
"$10,000 ",37.78315,-122.4206825
"$765,000 ",37.7762638571,-122.447461143
"$850,000 ",37.7449923542,-122.4163895
"$260,000 ",37.7102241757,-122.466985305
"$1,000,000 ",0.0,0.0
"$2,149,000 ",37.7880711633,-122.454344531
"$821,000 ",37.7609254,-122.468048501
"$980,000 ",0.0,0.0
"$590,000 ",37.7735824082,-122.466000816
"$461,000 ",37.764123898,-122.504461673
"$1,600,000 ",37.79040745,-122.396186623
"$910,000 ",37.785518,-122.431204
"$650,000 ",0.0,0.0
"$780,000 ",37.760182,-122.391297
"$1,500,000 ",37.7354990313,-122.433593804
"$2,200,000 ",37.743291,-122.434785
"$969,000 ",37.7930349184,-122.423648306
"$659,000 ",37.79023925,-122.421382544
"$670,000 ",0.0,0.0
"$788,000 ",37.7852407143,-122.459042857
"$415,000 ",0.0,0.0
"$410,000 ",37.7582276327,-122.503726612
"$695,000 ",37.7518946122,-122.494479837
"$550,000 ",37.7474648163,-122.478252122
"$1,002,670 ",37.79040745,-122.396186623
"$2,100,000 ",0.0,0.0
"$799,999 ",41.2259265,-8.6103815
"$550,000 ",0.0,0.0
"$1,135,000 ",37.7836605,-122.391656972
"$575,300 ",0.0,0.0
"$784,000 ",37.760182,-122.391297
"$350,000 ",0.0,0.0
"$258,000 ",37.7213219592,-122.397013735
"$200,000 ",38.0119386,-122.5641001
"$1,200,000 ",37.7453582,-122.4277452
"$249,000 ",37.7102241757,-122.466985305
"$1,014,300 ",37.7930349184,-122.423648306
"$1,053,500 ",37.7930349184,-122.423648306
"$749,000 ",37.7492072449,-122.475156673
"$188,000 ",0.0,0.0
"$1,267,500 ",37.735766859,-122.43617722
"$512,000 ",37.7834341,-122.4211303
"$342,000 ",37.78113,-122.420664
"$750,000 ",37.7732693265,-122.49917951
"$744,000 ",37.7555497,-122.4430186
"$1,950,000 ",37.79040745,-122.396186623
"$1,588,000 ",0.0,0.0
"$539,000 ",0.0,0.0
"$540,000 ",39.0920614,-9.2584719
"$350,000 ",0.0,0.0
"$849,000 ",37.7453788,-122.4271574
"$1,014,000 ",37.7434228163,-122.432588306
"$899,000 ",37.7741758,-122.394637409
"$840,000 ",37.77468565,-122.394090301
"$865,000 ",0.0,0.0
"$745,000 ",0.0,0.0
"$762,000 ",0.0,0.0
"$1,880,000 ",37.79040745,-122.396186623
"$515,000 ",37.7518374056,-122.399916219
"$263,620 ",0.0,0.0
"$505,000 ",37.7089837826,-122.444942348
"$895,000 ",37.7453788,-122.4271574
"$875,000 ",0.0,0.0
"$1,185,000 ",0.0,0.0
"$775,000 ",0.0,0.0
"$877,000 ",37.3752742,-122.115414866
"$775,000 ",37.760182,-122.391297
"$427,000 ",0.0,0.0
"$390,000 ",37.7153971893,-122.452017026
"$795,000 ",37.7936955,-122.421046819
"$2,311,603 ",37.79040745,-122.396186623
"$1,030,000 ",37.7729842,-122.4459208
"$1,010,000 ",37.79040745,-122.396186623
"$1,800,000 ",37.79040745,-122.396186623
"$811,100 ",0.0,0.0
"$273,000 ",37.7100463092,-122.467327575
"$910,000 ",0.0,0.0
"$1,649,000 ",37.7926984054,-122.415944486
"$495,000 ",37.781847,-122.48604
"$650,000 ",37.7356430204,-122.414339061
"$754,000 ",37.7509764,-122.4207144
"$270,000 ",37.7102241757,-122.466985305
"$1,487,000 ",37.7926984054,-122.415944486
"$1,100,000 ",37.788079,-122.4033181
"$965,000 ",37.7930349184,-122.423648306
"$825,000 ",37.7397742245,-122.413826041
"$1,369,000 ",37.7926984054,-122.415944486
"$532,000 ",0.0,0.0
"$600,199 ",0.0,0.0
"$29,000 ",37.7835739,-122.391145909
"$29,000 ",37.7835739,-122.391145909
"$1,112,500 ",37.7951294702,-122.394553848
"$698,000 ",37.781668,-122.438575
"$800,000 ",0.0,0.0
"$1,110,000 ",37.786221,-122.389487
"$904,500 ",37.7835739,-122.391145909
"$1,080,000 ",37.78247845,-122.390318498
"$950,000 ",37.802831898,-122.421091265
"$375,000 ",0.0,0.0
"$895,000 ",37.8043368889,-122.422949889
"$939,000 ",37.7930349184,-122.423648306
"$1,010,000 ",37.80384,-122.443525
"$746,500 ",0.0,0.0
"$667,128 ",0.0,0.0
"$940,000 ",0.0,0.0
"$870,000 ",37.7654918571,-122.473417714
"$1,650,000 ",37.79040745,-122.396186623
"$1,840,000 ",37.79040745,-122.396186623
"$900,000 ",37.7948774,-122.4217274
"$700,000 ",37.78315,-122.4206825
"$600,000 ",0.0,0.0
"$240,000 ",0.0,0.0
"$880,000 ",0.0,0.0
"$1,150,000 ",37.80538905,-122.424833688
"$38,000 ",37.799016449,-122.440832959
"$708,000 ",0.0,0.0
"$499,000 ",37.7409676327,-122.506737776
"$231,481 ",37.7272134195,-122.395442217
"$1,055,000 ",37.74397385,-122.424933977
"$770,000 ",37.7441751633,-122.43094
"$679,000 ",37.79023925,-122.421382544
"$645,000 ",0.0,0.0
"$690,000 ",0.0,0.0
"$890,000 ",37.7707130408,-122.448243286
"$1,339,000 ",37.79040745,-122.396186623
"$900,000 ",0.0,0.0
"$849,000 ",37.786221,-122.389487
"$700,000 ",37.737043,-122.426768237
"$720,000 ",37.7720772238,-122.388158392
"$380,000 ",0.0,0.0
"$939,000 ",37.79040745,-122.396186623
"$2,100,000 ",37.79040745,-122.396186623
"$911,000 ",37.7515787143,-122.407963429
"$879,500 ",37.77336975,-122.395771
"$3,800,000 ",0.0,0.0
"$979,000 ",37.7930349184,-122.423648306
"$1,095,000 ",37.7930349184,-122.423648306
"$755,000 ",38.134634,-122.2538459
"$812,000 ",37.7860251224,-122.477034388
"$785,000 ",37.7559560816,-122.489592122
"$838,000 ",37.9721372245,-122.53648651
"$1,025,000 ",37.75987575,-122.4325785
"$760,000 ",37.7611200204,-122.41720202
"$1,009,000 ",37.7567602653,-122.422101
"$1,070,000 ",37.7552698593,-122.425721665
"$960,000 ",0.0,0.0
"$575,000 ",37.7775848367,-122.40765251
"$1,088,000 ",37.3752742,-122.115414866
"$1,100,000 ",37.3752742,-122.115414866
"$1,262,626 ",37.7835739,-122.391145909
"$777,600 ",37.760182,-122.391297
"$680,000 ",37.7288769406,-122.434904372
"$450,000 ",37.7754455918,-122.427366245
"$590,000 ",0.0,0.0
"$470,000 ",0.0,0.0
"$780,000 ",37.7824777755,-122.408015408
"$1,650,000 ",37.7877343684,-122.403138228
"$1,025,000 ",0.0,0.0
"$102,000 ",0.0,0.0
"$485,000 ",37.6658277553,-122.415260363
"$620,000 ",37.7769117,-122.393795
"$950,000 ",0.0,0.0
"$2,700,000 ",37.79040745,-122.396186623
"$1,300,000 ",37.78247845,-122.390318498
"$287,000 ",0.0,0.0
"$815,000 ",37.7434006667,-122.42416625
"$1,145,000 ",37.7942905682,-122.413891591
"$519,500 ",0.0,0.0
"$1,730,000 ",37.79040745,-122.396186623
"$547,112 ",37.7381488367,-122.411900592
"$1,650,000 ",0.0,0.0
"$470,000 ",0.0,0.0
"$629,000 ",37.7542374,-122.4764765
"$1,800,000 ",37.79040745,-122.396186623
"$1,700,000 ",37.79040745,-122.396186623
"$1,275,000 ",0.0,0.0
"$330,000 ",37.7111294,-122.3904317
"$1,575,000 ",0.0,0.0
"$1,050,000 ",37.7610746122,-122.421622245
"$1,925,000 ",37.79040745,-122.396186623
"$289,000 ",37.7197982245,-122.392704735
"$510,000 ",37.7283838163,-122.416333857
"$549,000 ",37.7517432,-122.4226974
"$1,010,000 ",37.7450819388,-122.431730204
"$615,000 ",37.773924,-122.39625465
"$1,085,800 ",37.7995647931,-122.431705241
"$630,000 ",0.0,0.0
"$350,000 ",37.7087612016,-122.468987997
"$3,000,000 ",0.0,0.0
"$625,000 ",0.0,0.0
"$641,000 ",37.7652349796,-122.424296102
"$857,000 ",37.787309,-122.391144
"$1,175,000 ",37.7835739,-122.391145909
"$420,000 ",37.735911,-122.398406
"$712,000 ",37.7419551667,-122.4145175
"$801,000 ",37.7434006667,-122.42416625
"$665,000 ",37.7769117,-122.393795
"$850,000 ",37.7766699,-122.4388536
"$1,450,000 ",37.7835739,-122.391145909
"$960,000 ",37.7930349184,-122.423648306
"$945,000 ",37.7797107382,-122.455557685
"$2,450,000 ",37.79040745,-122.396186623
"$650,000 ",0.0,0.0
"$610,000 ",37.783272,-122.444453
"$530,000 ",37.7581042,-122.46931
"$1,875,000 ",37.79040745,-122.396186623
"$725,000 ",0.0,0.0
"$1,030,000 ",37.795983,-122.413503
"$1,275,000 ",37.8039606531,-122.439547776
"$860,000 ",0.0,0.0
"$760,000 ",0.0,0.0
"$675,000 ",0.0,0.0
"$880,000 ",37.782168,-122.451262
"$450,000 ",37.7821696,-122.4189884
"$640,000 ",37.7430082449,-122.496005184
"$2,625,000 ",37.7632514762,-122.453985524
"$605,000 ",37.7641347143,-122.417490102
"$4,750,000 ",37.7877343684,-122.403138228
"$2,735,000 ",37.7877343684,-122.403138228
"$1,850,000 ",37.79040745,-122.396186623
"$4,230,000 ",37.79040745,-122.396186623
"$1,185,000 ",37.3752742,-122.115414866
"$720,000 ",37.7877836957,-122.419244783
"$770,000 ",0.0,0.0
"$1,028,000 ",37.79040745,-122.396186623
"$2,050,000 ",37.79040745,-122.396186623
"$692,000 ",37.7640794694,-122.403365061
"$965,000 ",37.7601260808,-122.390530354
"$260,000 ",37.7309678,-122.3739007
"$792,500 ",0.0,0.0
"$415,000 ",0.0,0.0
"$510,000 ",37.7772212302,-122.404698613
"$450,000 ",37.7267615714,-122.403345735
"$1,575,000 ",0.0,0.0
"$999,000 ",37.7948774,-122.4217274
"$939,820 ",37.7930349184,-122.423648306
"$800,000 ",0.0,0.0
"$975,000 ",0.0,0.0
"$500,000 ",37.7811866735,-122.492442286
"$557,000 ",37.7547359388,-122.505823592
"$1,750,000 ",0.0,0.0
"$845,000 ",37.7790947692,-122.408916769
"$1,475,000 ",37.78246435,-122.390877389
"$915,000 ",37.9342276316,-122.535463053
"$980,000 ",37.7601260808,-122.390530354
"$275,000 ",37.7110557903,-122.390317181
"$385,000 ",37.7254574,-122.3945225
"$790,000 ",37.77336975,-122.395771
"$734,500 ",0.0,0.0
"$354,000 ",0.0,0.0
"$935,000 ",37.79040745,-122.396186623
"$906,667 ",37.3752742,-122.115414866
"$1,200,000 ",37.778475449,-122.391653041
"$667,500 ",37.7851195918,-122.446269673
"$2,100,000 ",37.79040745,-122.396186623
"$1,100,000 ",0.0,0.0
"$715,000 ",37.7507794286,-122.402098612
"$995,000 ",37.7238251016,-122.466357853
"$1,488,000 ",37.7865410612,-122.438318837
"$1,030,000 ",37.776361,-122.455329333
"$1,050,000 ",37.752617,-122.508299959
"$710,000 ",37.756491,-122.444317333
"$445,000 ",37.5418715706,-122.513236876
"$1,200,000 ",37.7777379,-122.391738
"$700,000 ",0.0,0.0
"$1,065,000 ",37.7873359388,-122.450112163
"$1,100,000 ",0.0,0.0
"$1,850,000 ",37.79040745,-122.396186623
"$1,725,000 ",37.802831898,-122.421091265
"$1,150,000 ",37.7935131765,-122.414633235
"$1,357,000 ",0.0,0.0
"$336,000 ",0.0,0.0
"$806,500 ",37.7653948,-122.4593998
"$550,000 ",37.7442143469,-122.500595102
"$980,000 ",37.79040745,-122.396186623
"$654,800 ",37.774873898,-122.412088286
"$885,000 ",37.78942645,-122.390660432
"$724,000 ",0.0,0.0
"$744,405 ",37.7602282653,-122.391183265
"$700,000 ",37.729596375,-122.4132695
"$1,325,000 ",0.0,0.0
"$245,000 ",14.3297016,121.0462152
"$665,000 ",37.7778951,-122.3925476
"$979,110 ",37.7930349184,-122.423648306
"$1,235,000 ",37.79040745,-122.396186623
"$650,000 ",0.0,0.0
"$888,000 ",37.7948774,-122.4217274
"$985,000 ",37.791622,-122.426058
"$440,000 ",0.0,0.0
"$542,000 ",37.7835117755,-122.445354653
"$459,000 ",37.729147449,-122.450493306
"$3,350,000 ",37.79040745,-122.396186623
"$1,250,000 ",37.3752742,-122.115414866
"$1,000,000 ",0.0,0.0
"$741,750 ",37.760182,-122.391297
"$773,171 ",37.760182,-122.391297
"$750,000 ",37.760182,-122.391297
"$1,040,000 ",37.7431862,-122.4245705
"$903,000 ",37.7954585135,-122.410486324
"$1,500,000 ",0.0,0.0
"$1,465,000 ",37.7964632857,-122.435468714
"$585,000 ",37.7816321837,-122.43226498
"$1,130,000 ",37.3752742,-122.115414866
"$639,000 ",37.761526,-122.411935
"$265,000 ",37.7100463092,-122.467327575
"$820,000 ",37.7318006531,-122.488773612
"$975,000 ",37.7948774,-122.4217274
"$862,400 ",37.7791249167,-122.454723667
"$635,000 ",37.773404449,-122.439081918
"$975,000 ",37.7598497551,-122.43591449
"$705,000 ",37.9704118,-122.535367
"$835,000 ",0.0,0.0
"$515,000 ",0.0,0.0
"$519,500 ",37.756675211,-122.441534928
"$970,000 ",37.79040745,-122.396186623
"$1,120,000 ",0.0,0.0
"$1,545,000 ",37.79040745,-122.396186623
"$1,925,000 ",37.79040745,-122.396186623
"$420,000 ",37.7254574,-122.3945225
"$800,000 ",37.74045816,-122.42950168
"$600,000 ",0.0,0.0
"$760,000 ",37.7747656735,-122.505947429
"$950,000 ",37.759988202,-122.390517384
"$488,000 ",37.7254574,-122.3945225
"$775,000 ",0.0,0.0
"$665,000 ",37.79023925,-122.421382544
"$905,000 ",37.762552898,-122.448361082
"$699,000 ",37.7789387959,-122.495294102
"$750,000 ",37.77812,-122.403145
"$1,150,000 ",37.786221,-122.389487
"$855,000 ",37.9342276316,-122.535463053
"$860,000 ",37.760182,-122.391297
"$730,000 ",37.7565963636,-122.401887051
"$345,000 ",37.7174587159,-122.397608367
"$759,000 ",37.7509764,-122.4207144
"$449,000 ",0.0,0.0
"$910,000 ",37.7769117,-122.393795
"$1,183,000 ",37.3752742,-122.115414866
"$910,000 ",37.760182,-122.391297
"$360,000 ",37.7358666843,-122.395728819
"$950,000 ",37.791315,-122.414244
"$897,750 ",37.7930349184,-122.423648306
"$915,000 ",37.7757833878,-122.47132298
"$1,530,000 ",37.757767678,-122.432324639
"$865,000 ",41.2259265,-8.6103815
"$1,485,000 ",0.0,0.0
"$755,000 ",37.760182,-122.391297
"$838,000 ",37.7930349184,-122.423648306
"$1,488,000 ",0.0,0.0
"$955,000 ",37.7709314286,-122.437128286
"$702,400 ",37.7580293878,-122.50371302
"$1,900,000 ",37.79040745,-122.396186623
"$810,000 ",37.760182,-122.391297
"$930,000 ",37.7605599666,-122.441743667
"$755,000 ",37.763795,-122.404515857
"$935,000 ",37.7930349184,-122.423648306
"$1,335,000 ",37.7925076122,-122.431293918
"$1,440,000 ",37.8010780204,-122.442371041
"$1,065,000 ",0.0,0.0
"$610,000 ",37.7737536122,-122.448183959
"$792,000 ",37.7854784286,-122.463423837
"$445,000 ",0.0,0.0
"$1,500,000 ",37.79040745,-122.396186623
"$910,000 ",37.760182,-122.391297
"$305,000 ",37.711082,-122.390686
"$395,000 ",37.7254574,-122.3945225
"$1,402,000 ",37.8022360588,-122.441492588
"$1,600,000 ",37.8022232653,-122.428200061
"$372,500 ",37.744051,-122.421814
"$761,000 ",37.7720772238,-122.388158392
"$1,998,000 ",37.8019295102,-122.440535204
"$820,000 ",37.761314625,-122.436268625
"$752,000 ",37.5363389972,-122.515436077
"$487,000 ",37.7937635,-122.3925412
"$1,670,000 ",37.79040745,-122.396186623
"$1,525,000 ",0.0,0.0
"$330,000 ",37.7361071,-122.4073814
"$300,390 ",37.7104020421,-122.466643035
"$1,100,000 ",37.9752058366,-122.513432244
"$965,000 ",37.7930349184,-122.423648306
"$789,000 ",37.7594863,-122.470555989
"$700,000 ",37.5408777968,-122.512818437
"$768,000 ",37.7640794694,-122.403365061
"$645,000 ",37.7460425017,-122.405404584
"$1,339,000 ",37.7950880586,-122.394520221
"$208,000 ",0.0,0.0
"$350,000 ",37.78113,-122.420664
"$1,085,000 ",37.772069449,-122.453732061
"$535,000 ",37.7786378163,-122.485600898
"$655,000 ",37.5363389972,-122.515436077
"$835,000 ",37.5363389972,-122.515436077
"$785,000 ",37.5363389972,-122.515436077
"$1,620,000 ",37.79040745,-122.396186623
"$590,000 ",37.5408777968,-122.512818437
"$935,000 ",37.759758404,-122.390495768
"$284,061 ",37.7254574,-122.3945225
"$290,000 ",37.6658657,-122.4269885
"$570,000 ",37.7438776667,-122.422332333
"$860,000 ",37.7365846122,-122.428838
"$660,000 ",37.734134,-122.4402985
"$1,365,000 ",0.0,0.0
"$708,500 ",0.0,0.0
"$488,000 ",37.7254574,-122.3945225
"$216,700 ",0.0,0.0
"$250,000 ",0.0,0.0
"$575,000 ",37.7383184028,-122.431874411
"$580,000 ",37.8017229167,-122.408278875
"$1,100,000 ",37.8013129608,-122.438569852
"$1,590,000 ",37.7969883061,-122.430307184
"$855,000 ",37.7948774,-122.4217274
"$715,000 ",0.0,0.0
"$895,000 ",0.0,0.0
"$585,000 ",37.5363389972,-122.515436077
"$536,000 ",37.78113,-122.420664
"$690,000 ",37.7849493439,-122.452764118
"$719,325 ",37.5363389972,-122.515436077
"$764,000 ",37.5363389972,-122.515436077
"$697,000 ",37.5363389972,-122.515436077
"$935,000 ",37.7808689687,-122.394999094
"$550,000 ",0.0,0.0
"$727,000 ",37.760182,-122.391297
"$285,500 ",37.7254574,-122.3945225
"$1,300,000 ",37.7241763407,-122.160857615
"$728,000 ",37.7716914444,-122.428571
"$735,000 ",37.762623,-122.442069
"$859,000 ",37.5363389972,-122.515436077
"$1,300,000 ",37.8039955,-122.41199125
"$850,000 ",0.0,0.0
"$1,275,000 ",37.791315,-122.414244
"$729,000 ",0.0,0.0
"$815,000 ",0.0,0.0
"$517,000 ",37.756675211,-122.441534928
"$703,000 ",37.5363389972,-122.515436077
"$840,000 ",37.5363389972,-122.515436077
"$1,800,000 ",37.79040745,-122.396186623
"$1,835,000 ",37.79040745,-122.396186623
"$955,000 ",37.760103101,-122.390528192
"$950,000 ",37.759873303,-122.390506576
"$264,408 ",37.7254574,-122.3945225
"$565,000 ",37.743083329,-122.408835931
"$565,000 ",37.743038996,-122.408838552
"$223,000 ",0.0,0.0
"$550,000 ",37.7769117,-122.393795
"$708,000 ",37.7769117,-122.393795
"$1,275,000 ",0.0,0.0
"$1,015,000 ",37.7924229459,-122.415889135
"$1,161,500 ",37.800528,-122.44025075
"$802,500 ",37.7860106939,-122.474470714
"$1,250,000 ",0.0,0.0
"$860,000 ",37.7553011191,-122.454203942
"$470,000 ",0.0,0.0
"$2,070,000 ",37.79040745,-122.396186623
"$1,700,000 ",37.79040745,-122.396186623
"$526,000 ",37.7121213673,-122.440490959
"$825,000 ",37.75051454,-122.422019708
"$285,000 ",0.0,0.0
"$900,000 ",37.7488951224,-122.432485327
"$1,243,750 ",37.788531449,-122.429727857
"$841,000 ",0.0,0.0
"$649,000 ",37.5363389972,-122.515436077
"$1,700,000 ",37.79040745,-122.396186623
"$650,000 ",37.7579895455,-122.393050909
"$660,000 ",0.0,0.0
"$208,000 ",0.0,0.0
"$315,000 ",0.0,0.0
"$775,000 ",37.7994973333,-122.419642333
"$870,000 ",0.0,0.0
"$615,000 ",37.7677985102,-122.444912061
"$1,900,000 ",37.3752742,-122.115414866
"$1,050,000 ",37.740813,-122.419622694
"$790,000 ",0.0,0.0
"$925,000 ",0.0,0.0
"$1,760,000 ",37.79040745,-122.396186623
"$475,000 ",0.0,0.0
"$1,125,000 ",37.3752742,-122.115414866
"$1,350,000 ",37.7450330625,-122.407853875
"$1,250,000 ",37.9724105569,-122.559373123
"$1,837,500 ",37.8042278571,-122.446357143
"$818,000 ",37.7341663333,-122.433095833
"$515,000 ",0.0,0.0
"$520,000 ",0.0,0.0
"$880,000 ",37.7969152245,-122.429988061
"$755,725 ",37.5363389972,-122.515436077
"$1,715,000 ",37.7582360204,-122.424261918
"$860,000 ",37.760182,-122.391297
"$1,230,000 ",37.7241763407,-122.160857615
"$885,000 ",41.2259265,-8.6103815
"$1,260,000 ",37.7455714694,-122.436914347
"$1,575,000 ",37.7470299167,-122.423376667
"$6,000,000 ",37.7984425102,-122.413736408
"$6,000,000 ",37.7984425102,-122.413736408
"$900,000 ",37.7948774,-122.4217274
"$3,225,000 ",37.7580886122,-122.429420735
"$2,400,000 ",37.79040745,-122.396186623
"$785,000 ",0.0,0.0
"$370,000 ",37.7175093023,-122.45024814
"$790,000 ",37.773924,-122.39625465
"$810,000 ",0.0,0.0
"$910,000 ",0.0,0.0
"$980,000 ",37.7948774,-122.4217274
"$975,000 ",37.7930349184,-122.423648306
"$688,000 ",0.0,0.0
"$775,000 ",37.5396088893,-122.508027919
"$1,250,000 ",37.78246435,-122.390877389
"$460,000 ",0.0,0.0
"$799,000 ",37.7948774,-122.4217274
"$749,000 ",0.0,0.0
"$695,000 ",0.0,0.0
"$420,000 ",37.7494658776,-122.507205714
"$908,000 ",37.754280087,-122.42981113
"$890,000 ",37.800301,-122.424601
"$675,000 ",0.0,0.0
"$765,000 ",0.0,0.0
"$1,067,000 ",37.79040745,-122.396186623
"$3,560,000 ",37.79040745,-122.396186623
"$715,000 ",37.752426,-122.402255
"$630,000 ",37.7778951,-122.3925476
"$729,000 ",37.7601419388,-122.474842735
"$646,000 ",0.0,0.0
"$1,000,000 ",37.735418,-122.430301
"$1,550,000 ",37.8008883514,-122.404944263
"$655,000 ",0.0,0.0
"$520,000 ",0.0,0.0
"$674,000 ",37.7600358367,-122.488594878
"$659,000 ",37.5363389972,-122.515436077
"$825,000 ",0.0,0.0
"$1,250,000 ",37.7419645581,-122.412651302
"$1,021,500 ",0.0,0.0
"$780,000 ",0.0,0.0
"$940,000 ",0.0,0.0
"$911,125 ",37.7601260808,-122.390530354
"$246,465 ",37.77293025,-122.3963107
"$208,000 ",0.0,0.0
"$459,000 ",0.0,0.0
"$825,000 ",0.0,0.0
"$2,195,000 ",37.798495125,-122.399930875
"$888,000 ",0.0,0.0
"$800,000 ",0.0,0.0
"$875,000 ",37.7708843462,-122.433188731
"$864,000 ",37.7834565102,-122.452569878
"$725,000 ",37.7736152449,-122.416766347
"$1,245,000 ",0.0,0.0
"$650,000 ",37.7448970612,-122.413456082
"$900,000 ",37.7486988776,-122.442457306
"$979,000 ",37.79040745,-122.396186623
"$1,044,000 ",37.79040745,-122.396186623
"$1,017,500 ",37.735362898,-122.429909857
"$855,000 ",37.77468565,-122.394090301
"$872,500 ",37.7711742041,-122.388342184
"$1,450,000 ",37.7663412128,-122.44714739
"$805,000 ",37.7353454858,-122.430743924
"$885,000 ",37.7716,-122.389157633
"$1,262,500 ",37.8007163469,-122.419248082
"$935,000 ",37.799016449,-122.440832959
"$1,450,000 ",0.0,0.0
"$1,650,000 ",37.79040745,-122.396186623
"$1,200,000 ",37.3752742,-122.115414866
"$772,000 ",0.0,0.0
"$1,535,525 ",37.7493779388,-122.437813163
"$818,680 ",37.7711742041,-122.388342184
"$838,000 ",37.7711742041,-122.388342184
"$2,750,000 ",37.79040745,-122.396186623
"$620,000 ",37.773924,-122.39625465
"$799,000 ",37.7711742041,-122.388342184
"$905,000 ",37.7716,-122.389157633
"$970,000 ",37.799016449,-122.440832959
"$850,000 ",37.7982087347,-122.434859878
"$900,000 ",37.7982052653,-122.434887122
"$1,600,000 ",0.0,0.0
"$855,000 ",37.7635131,-122.4578055
"$1,605,000 ",37.75296044,-122.42744748
"$1,295,000 ",37.7768984694,-122.39536949
"$877,850 ",37.7711742041,-122.388342184
"$208,000 ",0.0,0.0
"$810,000 ",23.0499055,-82.3807397
"$1,414,000 ",0.0,0.0
"$1,275,000 ",37.3752742,-122.115414866
"$930,000 ",37.7835739,-122.391145909
"$689,000 ",37.7711742041,-122.388342184
"$714,000 ",37.7711742041,-122.388342184
"$722,650 ",37.7711742041,-122.388342184
"$852,630 ",37.7711742041,-122.388342184
"$916,000 ",37.7716,-122.389157633
"$1,164,000 ",0.0,0.0
"$2,000,000 ",37.8035669494,-122.42271606
"$745,000 ",37.78315,-122.4206825
"$890,000 ",37.7709493878,-122.435160286
"$750,000 ",37.5363389972,-122.515436077
"$1,400,000 ",0.0,0.0
"$899,000 ",37.760182,-122.391297
"$226,000 ",0.0,0.0
"$290,000 ",37.7102241757,-122.466985305
"$859,000 ",37.7711742041,-122.388342184
"$916,000 ",37.7711742041,-122.388342184
"$874,000 ",37.7716,-122.389157633
"$751,000 ",37.7716,-122.389157633
"$1,029,000 ",37.7711742041,-122.388342184
"$550,000 ",0.0,0.0
"$725,000 ",37.76124735,-122.468501694
"$750,000 ",37.7540631633,-122.496779673
"$830,000 ",37.7591655455,-122.442324182
"$840,000 ",37.7666084,-122.431924107
"$616,400 ",0.0,0.0
"$877,000 ",37.760182,-122.391297
"$712,000 ",37.7395898367,-122.411286143
"$779,000 ",0.82552755,-77.7121550329
"$926,000 ",37.7711742041,-122.388342184
"$926,000 ",37.7716,-122.389157633
"$936,000 ",37.7716,-122.389157633
"$658,000 ",37.7716,-122.389157633
"$957,000 ",37.7711742041,-122.388342184
"$640,000 ",0.0,0.0
"$770,000 ",37.762128673,-122.446120634
"$1,975,000 ",37.79040745,-122.396186623
"$2,300,000 ",37.3752742,-122.115414866
"$1,300,000 ",37.7835739,-122.391145909
"$857,500 ",37.7711742041,-122.388342184
"$882,700 ",37.7711742041,-122.388342184
"$1,010,000 ",37.7716,-122.389157633
"$670,000 ",0.0,0.0
"$525,000 ",0.0,0.0
"$699,000 ",37.5363389972,-122.515436077
"$1,125,000 ",37.3752742,-122.115414866
"$1,525,501 ",37.3752742,-122.115414866
"$625,650 ",37.7716,-122.389157633
"$849,000 ",37.7711742041,-122.388342184
"$705,000 ",37.7716,-122.389157633
"$927,000 ",37.800301,-122.424601
"$849,000 ",37.793822,-122.42328
"$770,000 ",0.0,0.0
"$660,000 ",37.79023925,-122.421382544
"$850,000 ",37.9791411951,-122.511593991
"$806,000 ",37.7769573469,-122.44430549
"$1,400,000 ",37.7719923265,-122.439533898
"$3,541,000 ",37.79040745,-122.396186623
"$835,000 ",0.0,0.0
"$864,000 ",37.7716,-122.389157633
"$1,085,000 ",37.7711742041,-122.388342184
"$775,000 ",0.0,0.0
"$750,000 ",37.7861303469,-122.441107041
"$735,000 ",0.0,0.0
"$775,000 ",37.5363389972,-122.515436077
"$759,000 ",37.5363389972,-122.515436077
"$1,189,000 ",37.3752742,-122.115414866
"$700,000 ",37.7525445102,-122.40345098
"$668,000 ",37.7716,-122.389157633
"$916,000 ",37.7716,-122.389157633
"$1,354,000 ",37.7711742041,-122.388342184
"$740,000 ",0.0,0.0
"$700,000 ",37.773924,-122.39625465
"$655,000 ",37.7716,-122.389157633
"$890,010 ",37.7716,-122.389157633
"$877,850 ",37.7711742041,-122.388342184
"$988,020 ",37.7716,-122.389157633
"$750,000 ",37.805676,-122.412472571
"$865,000 ",0.0,0.0
"$585,000 ",0.0,0.0
"$850,000 ",37.7741467143,-122.445081939
"$16,600,000 ",37.7823927959,-122.408123735
"$16,600,000 ",37.7823927959,-122.408123735
"$16,600,000 ",37.7823927959,-122.408123735
"$16,600,000 ",37.7823927959,-122.408123735
"$16,600,000 ",37.7823927959,-122.408123735
"$16,600,000 ",37.7823927959,-122.408123735
"$16,600,000 ",37.7823927959,-122.408123735
"$16,600,000 ",37.7823927959,-122.408123735
"$16,600,000 ",37.7823927959,-122.408123735
"$16,600,000 ",37.7823927959,-122.408123735
"$16,600,000 ",37.7823927959,-122.408123735
"$16,600,000 ",37.7823927959,-122.408123735
"$3,100,000 ",0.0,0.0
"$910,000 ",37.7741758,-122.394637409
"$926,000 ",37.7716,-122.389157633
"$849,000 ",37.7716,-122.389157633
"$916,000 ",37.7711742041,-122.388342184
"$969,000 ",37.7716,-122.389157633
"$940,000 ",0.0,0.0
"$470,000 ",37.7937635,-122.3925412
"$781,000 ",37.735942,-122.4231552
"$712,950 ",37.7711742041,-122.388342184
"$849,000 ",37.7711742041,-122.388342184
"$899,000 ",37.7716,-122.389157633
"$1,100,000 ",37.7773243469,-122.435170327
"$730,000 ",0.0,0.0
"$1,500,000 ",37.79040745,-122.396186623
"$1,120,000 ",37.78246435,-122.390877389
"$419,000 ",37.7254574,-122.3945225
"$525,000 ",37.7372358571,-122.411697714
"$699,000 ",37.7711742041,-122.388342184
"$872,030 ",37.7711742041,-122.388342184
"$1,222,000 ",37.7716,-122.389157633
"$1,225,000 ",0.0,0.0
"$208,000 ",0.0,0.0
"$985,000 ",37.7719888163,-122.439561245
"$1,010,001 ",37.7675774286,-122.4277465
"$335,000 ",0.0,0.0
"$342,000 ",37.7109600816,-122.42741351
"$261,000 ",37.7104020421,-122.466643035
"$799,000 ",37.7778951,-122.3925476
"$869,000 ",37.7711742041,-122.388342184
"$867,000 ",37.7716,-122.389157633
"$740,000 ",37.7711742041,-122.388342184
"$1,047,600 ",37.7716,-122.389157633
"$800,000 ",37.80538905,-122.424833688
"$1,630,000 ",37.79040745,-122.396186623
"$694,000 ",37.7711742041,-122.388342184
"$1,195,000 ",37.7241763407,-122.160857615
"$995,000 ",37.7927042085,-122.409201196
"$1,250,000 ",37.3832905,-122.1185999
"$902,400 ",0.0,0.0
"$320,000 ",37.7640794694,-122.403365061
"$483,000 ",37.754874,-122.398602
"$520,000 ",37.7092555477,-122.459857302
"$741,000 ",37.7716,-122.389157633
"$937,000 ",37.7716,-122.389157633
"$1,150,000 ",0.0,0.0
"$879,000 ",37.7711742041,-122.388342184
"$874,000 ",37.7716,-122.389157633
"$916,000 ",37.7716,-122.389157633
"$1,245,000 ",37.7984425102,-122.413736408
"$535,000 ",0.0,0.0
"$422,000 ",37.74952185,-122.413363526
"$880,000 ",0.0,0.0
"$689,000 ",0.0,0.0
"$1,050,000 ",37.7680282449,-122.422687449
"$5,100,000 ",37.7877343684,-122.403138228
"$1,595,000 ",37.79040745,-122.396186623
"$1,750,000 ",0.0,0.0
"$1,090,000 ",37.3752742,-122.115414866
"$380,000 ",0.0,0.0
"$1,060,000 ",37.7711742041,-122.388342184
"$1,115,000 ",37.7711742041,-122.388342184
"$405,000 ",37.753367,-122.401631
"$365,000 ",37.719592,-122.437731
"$842,900 ",37.7716,-122.389157633
"$119,000 ",37.8013031522,-122.427806043
"$1,190,000 ",37.8013176957,-122.427808913
"$655,000 ",0.0,0.0
"$755,000 ",0.0,0.0
"$500,000 ",0.0,0.0
"$967,000 ",37.75350765,-122.469705401
"$1,805,000 ",37.7553083265,-122.43278998
"$1,720,000 ",37.79040745,-122.396186623
"$2,730,000 ",37.79040745,-122.396186623
"$1,550,000 ",37.3752742,-122.115414866
"$903,500 ",37.7716,-122.389157633
"$910,000 ",37.79040745,-122.396186623
"$699,370 ",37.7716,-122.389157633
"$939,000 ",37.801171125,-122.41922075
"$945,000 ",0.0,0.0
"$960,000 ",0.0,0.0
"$965,000 ",37.7538226087,-122.425121578
"$850,000 ",37.786221,-122.389487
"$1,130,000 ",37.78247845,-122.390318498
"$777,000 ",37.760631,-122.399152
"$208,000 ",0.0,0.0
"$1,025,000 ",37.7979115714,-122.443383857
"$510,000 ",37.754101898,-122.417628959
"$936,000 ",37.7711742041,-122.388342184
"$926,000 ",37.7716,-122.389157633
"$810,000 ",37.7579997086,-122.409705739
"$988,000 ",37.77468565,-122.394090301
"$2,250,000 ",37.803569891,-122.422692619
"$975,000 ",0.0,0.0
"$830,000 ",37.756491,-122.444317333
"$869,000 ",37.7824777755,-122.408015408
"$3,585,000 ",37.79040745,-122.396186623
"$2,300,000 ",0.0,0.0
"$1,600,001 ",37.7458307083,-122.417139687
"$890,000 ",37.7341663333,-122.433095833
"$388,000 ",37.7102241757,-122.466985305
"$912,000 ",37.7711742041,-122.388342184
"$1,052,000 ",37.7711742041,-122.388342184
"$1,018,500 ",37.7716,-122.389157633
"$2,250,000 ",37.3752742,-122.115414866
"$208,000 ",0.0,0.0
"$783,000 ",37.7619145,-122.4684875
"$1,950,000 ",37.7877343684,-122.403138228
"$1,435,000 ",37.79040745,-122.396186623
"$1,749,000 ",37.79040745,-122.396186623
"$1,020,000 ",37.7716,-122.389157633
"$1,071,850 ",37.7711742041,-122.388342184
"$780,000 ",37.7954585135,-122.410486324
"$1,149,000 ",37.7515961837,-122.441019041
"$908,000 ",37.9342276316,-122.535463053
"$760,000 ",37.7778951,-122.3925476
"$959,330 ",37.7711742041,-122.388342184
"$794,850 ",37.7716,-122.389157633
"$1,128,000 ",37.7711742041,-122.388342184
"$1,040,000 ",37.7716,-122.389157633
"$1,091,250 ",37.7711742041,-122.388342184
"$828,000 ",0.0,0.0
"$1,350,000 ",37.9021875268,-122.555953756
"$799,000 ",0.0,0.0
"$555,000 ",37.7772212302,-122.404698613
"$1,120,000 ",37.3752742,-122.115414866
"$945,000 ",37.74397385,-122.424933977
"$823,530 ",37.7711742041,-122.388342184
"$935,000 ",37.7716,-122.389157633
"$856,510 ",37.7716,-122.389157633
"$350,000 ",0.0,0.0
"$825,000 ",0.0,0.0
"$803,000 ",37.7778165306,-122.441873082
"$1,430,000 ",37.7616121,-122.437378
"$295,000 ",0.0,0.0
"$905,000 ",37.7716,-122.389157633
"$1,324,000 ",37.7711742041,-122.388342184
"$1,288,000 ",37.7716,-122.389157633
"$1,018,500 ",37.7716,-122.389157633
"$818,000 ",0.0,0.0
"$495,500 ",0.0,0.0
"$627,000 ",37.7565016735,-122.508147735
"$1,148,000 ",37.7720772238,-122.388158392
"$879,000 ",37.7716,-122.389157633
"$950,000 ",37.7711742041,-122.388342184
"$1,400,000 ",37.7711742041,-122.388342184
"$715,000 ",0.0,0.0
"$3,090,000 ",37.7570777012,-122.429573084
"$1,500,000 ",37.79040745,-122.396186623
"$732,500 ",0.0,0.0
"$925,000 ",37.7716,-122.389157633
"$1,380,000 ",37.7711742041,-122.388342184
"$1,277,000 ",37.7716,-122.389157633
"$850,000 ",0.0,0.0
"$650,000 ",37.7512629167,-122.409323583
"$800,000 ",37.738936331,-122.419940251
"$1,405,000 ",37.7778951,-122.3925476
"$859,000 ",37.7716,-122.389157633
"$735,000 ",37.7716,-122.389157633
"$810,000 ",0.0,0.0
"$900,000 ",0.0,0.0
"$921,000 ",37.7716,-122.389157633
"$815,000 ",37.755781449,-122.436831061
"$1,010,000 ",37.79040745,-122.396186623
"$2,288,000 ",37.79040745,-122.396186623
"$780,000 ",37.741722625,-122.408655875
"$460,000 ",37.744051,-122.421814
"$833,500 ",37.7711742041,-122.388342184
"$878,000 ",0.0,0.0
"$911,000 ",37.7716,-122.389157633
"$1,370,000 ",37.7711742041,-122.388342184
"$1,344,000 ",37.7711742041,-122.388342184
"$1,262,000 ",37.7716,-122.389157633
"$987,000 ",37.7988723265,-122.428331265
"$659,000 ",37.7716,-122.389157633
"$1,267,000 ",37.7716,-122.389157633
"$208,000 ",0.0,0.0
"$1,090,000 ",37.802831898,-122.421091265
"$707,000 ",37.8011072449,-122.433313286
"$700,000 ",37.9785275776,-122.513912573
"$769,500 ",37.7534187755,-122.484043633
"$795,000 ",37.7506340612,-122.503198286
"$756,000 ",37.7640794694,-122.403365061
"$940,000 ",37.7474907,-122.4290401
"$285,000 ",37.7361071,-122.4073814
"$415,000 ",0.0,0.0
"$870,000 ",37.760989,-122.424869857
"$860,000 ",0.0,0.0
"$3,500,000 ",37.79040745,-122.396186623
"$340,000 ",37.731176,-122.390793
"$1,298,000 ",37.7716,-122.389157633
"$1,575,000 ",37.7996468235,-122.416179647
"$859,000 ",0.0,0.0
"$995,000 ",37.79040745,-122.396186623
"$779,000 ",0.0,0.0
"$850,000 ",0.0,0.0
"$866,000 ",37.7616572653,-122.489785918
"$730,000 ",37.7420769388,-122.48519302
"$850,000 ",0.0,0.0
"$715,000 ",0.0,0.0
"$1,350,000 ",37.7688803529,-122.445756412
"$690,000 ",37.7430939796,-122.489561898
"$1,025,000 ",37.786221,-122.389487
"$815,000 ",37.7711742041,-122.388342184
"$865,000 ",37.7948774,-122.4217274
"$1,400,000 ",37.7797852245,-122.440363469
"$2,200,000 ",37.7778484286,-122.468454714
"$1,030,000 ",0.0,0.0
"$910,000 ",37.7738319388,-122.401731
"$850,000 ",37.77468565,-122.394090301
"$600,000 ",37.4535041,-122.1598033
"$860,000 ",37.7636009184,-122.451098143
"$780,000 ",37.76652465,-122.432864688
"$939,000 ",0.82552755,-77.7121550329
"$788,000 ",37.7860336,-122.4247205
"$567,500 ",0.0,0.0
"$1,775,000 ",37.7866978571,-122.438560714
"$568,000 ",0.0,0.0
"$828,888 ",37.728324423,-122.456378199
"$679,000 ",0.0,0.0
"$1,641,750 ",37.7428088367,-122.429435776
"$865,000 ",37.746962,-122.40627
"$735,000 ",37.7298486327,-122.435977061
"$530,000 ",0.0,0.0
"$950,000 ",37.7617322,-122.4477831
"$1,282,000 ",37.7716,-122.389157633
"$1,100,000 ",37.80538905,-122.424833688
"$710,000 ",37.79153,-122.441292
"$1,078,000 ",37.7632664083,-122.435345131
"$2,200,000 ",37.79040745,-122.396186623
"$1,350,000 ",37.78247845,-122.390318498
"$965,000 ",0.0,0.0
"$480,000 ",37.7358666843,-122.395728819
"$861,000 ",37.7948774,-122.4217274
"$790,000 ",0.0,0.0
"$850,000 ",37.7534004286,-122.442341714
"$515,000 ",-20.6679947,-40.4930972
"$605,000 ",0.0,0.0
"$715,000 ",37.7403041429,-122.417144714
"$938,000 ",0.0,0.0
"$852,750 ",0.0,0.0
"$685,000 ",0.0,0.0
"$951,000 ",37.7411570736,-122.460251861
"$725,000 ",0.0,0.0
"$1,238,625 ",37.78307025,-122.390156635
"$1,035,000 ",37.7429715,-122.4271621
"$1,160,000 ",37.7769117,-122.393795
"$705,000 ",37.7769117,-122.393795
"$1,251,000 ",37.7716,-122.389157633
"$1,295,000 ",37.7597195833,-122.423766583
"$845,000 ",0.0,0.0
"$670,000 ",37.7821696,-122.4189884
"$800,000 ",0.0,0.0
"$879,000 ",37.7719007,-122.3913102
"$570,000 ",0.0,0.0
"$1,389,000 ",37.7711742041,-122.388342184
"$1,780,000 ",37.802831898,-122.421091265
"$938,000 ",37.7719007,-122.3913102
"$870,000 ",0.0,0.0
"$920,000 ",37.787086,-122.432291
"$790,000 ",0.0,0.0
"$913,000 ",0.0,0.0
"$825,000 ",37.7795405,-122.454597
"$1,105,000 ",37.7652415,-122.4544037
"$920,000 ",37.7600358367,-122.488594878
"$650,000 ",37.7430469796,-122.490633898
"$1,530,000 ",37.75888975,-122.4324825
"$1,810,000 ",37.79040745,-122.396186623
"$1,850,000 ",37.79040745,-122.396186623
"$1,140,000 ",0.0,0.0
"$879,000 ",0.0,0.0
"$1,085,000 ",37.78307025,-122.390156635
"$430,000 ",37.7181339796,-122.402826531
"$842,930 ",37.7719007,-122.3913102
"$901,000 ",37.7719007,-122.3913102
"$872,000 ",37.7716,-122.389157633
"$1,800,000 ",37.7984425102,-122.413736408
"$1,935,000 ",37.791478,-122.414277
